<?xml version="1.0" encoding="utf-8"?>
<alto xmlns="http://www.loc.gov/standards/alto/ns-v3#" xmlns:xs="http://www.w3.org/2001/XMLSchema-instance" xmlns:xlink="http://www.w3.org/1999/xlink">
	<Description>
		<MeasurementUnit>pixel</MeasurementUnit>
		<sourceImageInformation>
			<fileName>130017168313_1_002_001_004.tif</fileName>
		</sourceImageInformation>
		<OCRProcessing ID="OCR1">
			<ocrProcessingStep>
				<processingDateTime>2018-08-31</processingDateTime>
				<processingAgency>Zissor AS</processingAgency>
				<processingStepSettings>Combined OCR</processingStepSettings>
				<processingSoftware>
					<softwareCreator>Zissor AS</softwareCreator>
					<softwareName>ContentOCR-11; ContentOCR-Tesseract</softwareName>
					<softwareVersion>2.0.2; 2.0.0</softwareVersion>
					<applicationDescription>OCR Component for Zissor Content System</applicationDescription>
				</processingSoftware>
			</ocrProcessingStep>
			<postProcessingStep>
				<processingDateTime>2018-08-31</processingDateTime>
				<processingAgency>Zissor AS</processingAgency>
				<processingStepSettings>KB-bok1</processingStepSettings>
				<processingSoftware>
					<softwareCreator>Zissor AS</softwareCreator>
					<softwareName>MediaArticleAnalyzer</softwareName>
					<softwareVersion>2.0.0</softwareVersion>
					<applicationDescription>Segmentation Component for Zissor Content System</applicationDescription>
				</processingSoftware>
			</postProcessingStep>
		</OCRProcessing>
	</Description>
	<Styles>
		<TextStyle ID="STYLE1" FONTFAMILY="Times New Roman" FONTSIZE="14" FONTSTYLE=""/>
		<TextStyle ID="STYLE2" FONTFAMILY="Times New Roman" FONTSIZE="10.5" FONTSTYLE=""/>
		<TextStyle ID="STYLE3" FONTFAMILY="Times New Roman" FONTSIZE="11" FONTSTYLE="bold"/>
		<TextStyle ID="STYLE4" FONTFAMILY="Times New Roman" FONTSIZE="16" FONTSTYLE="bold"/>
	</Styles>
	<Layout>
		<Page ID="PAGE4" HEIGHT="4624" WIDTH="2970" PHYSICAL_IMG_NR="4" PROCESSING="OCR1" PC="0.72">
			<TopMargin HEIGHT="550" WIDTH="2970" HPOS="0" VPOS="0"/>
			<LeftMargin HEIGHT="3170" WIDTH="1059" HPOS="0" VPOS="550"/>
			<RightMargin HEIGHT="3170" WIDTH="147" HPOS="2823" VPOS="550"/>
			<BottomMargin HEIGHT="902" WIDTH="2970" HPOS="0" VPOS="3722"/>
			<PrintSpace ID="PRINTSPACE1" HEIGHT="3170" WIDTH="1762" HPOS="1060" VPOS="551">
				<ComposedBlock xs:type="ComposedBlockType" ID="ARTICLE102113" HEIGHT="3170" WIDTH="1762" HPOS="1060" VPOS="551" xlink:type="simple">
					<TextBlock xs:type="TextBlockType" ID="ZONE1070176" HEIGHT="3170" WIDTH="1762" HPOS="1060" VPOS="551" xlink:type="simple">
						<TextLine ID="LINE1" HEIGHT="126" WIDTH="1715" HPOS="1060" VPOS="556">
							<String ID="STRING1" STYLEREFS="STYLE1" HEIGHT="63" WIDTH="105" HPOS="1060" VPOS="619" CONTENT="rer" WC="0.41" LANG="dan"/>
							<SP ID="SP1" WIDTH="41" HPOS="1165" VPOS="619"/>
							<String ID="STRING2" STYLEREFS="STYLE1" HEIGHT="76" WIDTH="159" HPOS="1206" VPOS="600" CONTENT="intet" WC="0.22" LANG="dan"/>
							<SP ID="SP2" WIDTH="49" HPOS="1365" VPOS="600"/>
							<String ID="STRING3" STYLEREFS="STYLE1" HEIGHT="84" WIDTH="253" HPOS="1414" VPOS="584" CONTENT="mindre" WC="0.67" LANG="dan"/>
							<SP ID="SP3" WIDTH="59" HPOS="1667" VPOS="584"/>
							<String ID="STRING4" STYLEREFS="STYLE1" HEIGHT="77" WIDTH="121" HPOS="1726" VPOS="583" CONTENT="end" WC="0.77" LANG="dan"/>
							<SP ID="SP4" WIDTH="47" HPOS="1847" VPOS="583"/>
							<String ID="STRING5" STYLEREFS="STYLE1" HEIGHT="98" WIDTH="379" HPOS="1894" VPOS="564" CONTENT="Eftertanke" WC="0.89" LANG="dan"/>
							<SP ID="SP5" WIDTH="43" HPOS="2273" VPOS="564"/>
							<String ID="STRING6" STYLEREFS="STYLE1" HEIGHT="77" WIDTH="81" HPOS="2316" VPOS="581" CONTENT="og" WC="0.67" LANG="dan"/>
							<SP ID="SP6" WIDTH="61" HPOS="2397" VPOS="581"/>
							<String ID="STRING7" STYLEREFS="STYLE1" HEIGHT="94" WIDTH="317" HPOS="2458" VPOS="556" CONTENT="Overlæg" WC="0.73" LANG="dan"/>
						</TextLine>
						<TextLine ID="LINE2" HEIGHT="123" WIDTH="1681" HPOS="1065" VPOS="697">
							<String ID="STRING8" STYLEREFS="STYLE1" HEIGHT="78" WIDTH="71" HPOS="1065" VPOS="742" CONTENT="til" WC="0.82" LANG="dan"/>
							<SP ID="SP7" WIDTH="45" HPOS="1136" VPOS="742"/>
							<String ID="STRING9" STYLEREFS="STYLE1" HEIGHT="64" WIDTH="73" HPOS="1181" VPOS="749" CONTENT="at" WC="1" LANG="dan"/>
							<SP ID="SP8" WIDTH="25" HPOS="1254" VPOS="749"/>
							<String ID="STRING10" STYLEREFS="STYLE1" HEIGHT="76" WIDTH="267" HPOS="1279" VPOS="740" CONTENT="dømme" WC="0.88" LANG="dan"/>
							<SP ID="SP9" WIDTH="53" HPOS="1546" VPOS="740"/>
							<String ID="STRING11" STYLEREFS="STYLE1" HEIGHT="73" WIDTH="175" HPOS="1599" VPOS="728" CONTENT="dette" WC="0.91" LANG="dan"/>
							<SP ID="SP10" WIDTH="41" HPOS="1774" VPOS="728"/>
							<String ID="STRING12" STYLEREFS="STYLE1" HEIGHT="97" WIDTH="261" HPOS="1815" VPOS="703" CONTENT="Skrift." WC="0.66" LANG="dan"/>
							<SP ID="SP11" WIDTH="115" HPOS="2076" VPOS="703"/>
							<String ID="STRING13" STYLEREFS="STYLE1" HEIGHT="102" WIDTH="415" HPOS="2191" VPOS="697" CONTENT="Forfatteren" WC="0.89" LANG="dan"/>
							<SP ID="SP12" WIDTH="59" HPOS="2606" VPOS="697"/>
							<String ID="STRING14" STYLEREFS="STYLE1" HEIGHT="76" WIDTH="81" HPOS="2665" VPOS="713" CONTENT="op" SUBS_TYPE="HypPart1" SUBS_CONTENT="opholder" WC="0.77" LANG="dan"/>
							<HYP CONTENT="-"/>
						</TextLine>
						<TextLine ID="LINE3" HEIGHT="145" WIDTH="1724" HPOS="1065" VPOS="825">
							<String ID="STRING15" STYLEREFS="STYLE1" HEIGHT="95" WIDTH="222" HPOS="1065" VPOS="875" CONTENT="holder" SUBS_TYPE="HypPart2" SUBS_CONTENT="opholder" WC="0.86" LANG="dan"/>
							<SP ID="SP13" WIDTH="30" HPOS="1287" VPOS="875"/>
							<String ID="STRING16" STYLEREFS="STYLE1" HEIGHT="96" WIDTH="95" HPOS="1317" VPOS="869" CONTENT="sig" WC="0.46" LANG="dan"/>
							<SP ID="SP14" WIDTH="43" HPOS="1412" VPOS="869"/>
							<String ID="STRING17" STYLEREFS="STYLE1" HEIGHT="79" WIDTH="142" HPOS="1455" VPOS="861" CONTENT="kun" WC="0.84" LANG="dan"/>
							<SP ID="SP15" WIDTH="30" HPOS="1597" VPOS="861"/>
							<String ID="STRING18" STYLEREFS="STYLE1" HEIGHT="73" WIDTH="124" HPOS="1627" VPOS="860" CONTENT="ved" WC="0.53" LANG="dan"/>
							<SP ID="SP16" WIDTH="52" HPOS="1751" VPOS="860"/>
							<String ID="STRING19" STYLEREFS="STYLE1" HEIGHT="86" WIDTH="289" HPOS="1803" VPOS="845" CONTENT="Barren" WC="0.71" LANG="dan"/>
							<SP ID="SP17" WIDTH="55" HPOS="2092" VPOS="845"/>
							<String ID="STRING20" STYLEREFS="STYLE1" HEIGHT="74" WIDTH="82" HPOS="2147" VPOS="862" CONTENT="og" WC="0.64" LANG="dan"/>
							<SP ID="SP18" WIDTH="42" HPOS="2229" VPOS="862"/>
							<String ID="STRING21" STYLEREFS="STYLE1" HEIGHT="76" WIDTH="104" HPOS="2271" VPOS="846" CONTENT="det" WC="0.76" LANG="dan"/>
							<SP ID="SP19" WIDTH="68" HPOS="2375" VPOS="846"/>
							<String ID="STRING22" STYLEREFS="STYLE1" HEIGHT="97" WIDTH="244" HPOS="2443" VPOS="838" CONTENT="yderste" WC="0.6" LANG="dan"/>
							<SP ID="SP20" WIDTH="22" HPOS="2687" VPOS="838"/>
							<String ID="STRING23" STYLEREFS="STYLE1" HEIGHT="101" WIDTH="80" HPOS="2709" VPOS="825" CONTENT="af" WC="1" LANG="dan"/>
						</TextLine>
						<TextLine ID="LINE4" HEIGHT="129" WIDTH="1683" HPOS="1068" VPOS="976">
							<String ID="STRING24" STYLEREFS="STYLE1" HEIGHT="95" WIDTH="330" HPOS="1068" VPOS="1010" CONTENT="Bugene;" WC="0.61" LANG="dan"/>
							<SP ID="SP21" WIDTH="53" HPOS="1398" VPOS="1010"/>
							<String ID="STRING25" STYLEREFS="STYLE1" HEIGHT="58" WIDTH="158" HPOS="1451" VPOS="1018" CONTENT="man" WC="0.98" LANG="dan"/>
							<SP ID="SP22" WIDTH="55" HPOS="1609" VPOS="1018"/>
							<String ID="STRING26" STYLEREFS="STYLE1" HEIGHT="86" WIDTH="279" HPOS="1664" VPOS="987" CONTENT="behøver" WC="0.68" LANG="dan"/>
							<SP ID="SP23" WIDTH="51" HPOS="1943" VPOS="987"/>
							<String ID="STRING27" STYLEREFS="STYLE1" HEIGHT="95" WIDTH="211" HPOS="1994" VPOS="976" CONTENT="derfor" WC="0.72" LANG="dan"/>
							<SP ID="SP24" WIDTH="47" HPOS="2205" VPOS="976"/>
							<String ID="STRING28" STYLEREFS="STYLE1" HEIGHT="79" WIDTH="135" HPOS="2252" VPOS="978" CONTENT="kun" WC="0.75" LANG="dan"/>
							<SP ID="SP25" WIDTH="41" HPOS="2387" VPOS="978"/>
							<String ID="STRING29" STYLEREFS="STYLE1" HEIGHT="61" WIDTH="59" HPOS="2428" VPOS="994" CONTENT="et" WC="1" LANG="dan"/>
							<SP ID="SP26" WIDTH="29" HPOS="2487" VPOS="994"/>
							<String ID="STRING30" STYLEREFS="STYLE1" HEIGHT="83" WIDTH="235" HPOS="2516" VPOS="980" CONTENT="magde" SUBS_TYPE="HypPart1" SUBS_CONTENT="magdeligt" WC="0.61" LANG="dan"/>
							<HYP CONTENT="-"/>
						</TextLine>
						<TextLine ID="LINE5" HEIGHT="133" WIDTH="1711" HPOS="1069" VPOS="1112">
							<String ID="STRING31" STYLEREFS="STYLE1" HEIGHT="93" WIDTH="118" HPOS="1069" VPOS="1152" CONTENT="ligt" SUBS_TYPE="HypPart2" SUBS_CONTENT="magdeligt" WC="0.63" LANG="dan"/>
							<SP ID="SP27" WIDTH="43" HPOS="1187" VPOS="1152"/>
							<String ID="STRING32" STYLEREFS="STYLE1" HEIGHT="94" WIDTH="187" HPOS="1230" VPOS="1141" CONTENT="Syn" WC="0.54" LANG="dan"/>
							<SP ID="SP28" WIDTH="62" HPOS="1417" VPOS="1141"/>
							<String ID="STRING33" STYLEREFS="STYLE1" HEIGHT="77" WIDTH="74" HPOS="1479" VPOS="1136" CONTENT="til" WC="0.81" LANG="dan"/>
							<SP ID="SP29" WIDTH="40" HPOS="1553" VPOS="1136"/>
							<String ID="STRING34" STYLEREFS="STYLE1" HEIGHT="65" WIDTH="71" HPOS="1593" VPOS="1145" CONTENT="ar" WC="0.62" LANG="dan"/>
							<SP ID="SP30" WIDTH="67" HPOS="1664" VPOS="1145"/>
							<String ID="STRING35" STYLEREFS="STYLE1" HEIGHT="96" WIDTH="243" HPOS="1731" VPOS="1118" CONTENT="oversee" WC="0.82" LANG="dan"/>
							<SP ID="SP31" WIDTH="46" HPOS="1974" VPOS="1118"/>
							<String ID="STRING36" STYLEREFS="STYLE1" HEIGHT="73" WIDTH="81" HPOS="2020" VPOS="1139" CONTENT="og" WC="0.7" LANG="dan"/>
							<SP ID="SP32" WIDTH="53" HPOS="2101" VPOS="1139"/>
							<String ID="STRING37" STYLEREFS="STYLE1" HEIGHT="92" WIDTH="198" HPOS="2154" VPOS="1114" CONTENT="in&amp;fce" WC="0.31" LANG="dan"/>
							<SP ID="SP33" WIDTH="64" HPOS="2352" VPOS="1114"/>
							<String ID="STRING38" STYLEREFS="STYLE1" HEIGHT="75" WIDTH="124" HPOS="2416" VPOS="1120" CONTENT="alle" WC="0.63" LANG="dan"/>
							<SP ID="SP34" WIDTH="62" HPOS="2540" VPOS="1120"/>
							<String ID="STRING39" STYLEREFS="STYLE1" HEIGHT="93" WIDTH="178" HPOS="2602" VPOS="1112" CONTENT="hans" WC="0.92" LANG="dan"/>
						</TextLine>
						<TextLine ID="LINE6" HEIGHT="124" WIDTH="1712" HPOS="1072" VPOS="1248">
							<String ID="STRING40" STYLEREFS="STYLE1" HEIGHT="92" WIDTH="425" HPOS="1072" VPOS="1280" CONTENT="Sætninger." WC="0.78" LANG="dan"/>
							<SP ID="SP35" WIDTH="98" HPOS="1497" VPOS="1280"/>
							<String ID="STRING41" STYLEREFS="STYLE1" HEIGHT="85" WIDTH="164" HPOS="1595" VPOS="1266" CONTENT="Det" WC="0.76" LANG="dan"/>
							<SP ID="SP36" WIDTH="29" HPOS="1759" VPOS="1266"/>
							<String ID="STRING42" STYLEREFS="STYLE1" HEIGHT="59" WIDTH="65" HPOS="1788" VPOS="1281" CONTENT="er" WC="0.77" LANG="dan"/>
							<SP ID="SP37" WIDTH="25" HPOS="1853" VPOS="1281"/>
							<String ID="STRING43" STYLEREFS="STYLE1" HEIGHT="88" WIDTH="207" HPOS="1878" VPOS="1261" CONTENT="alcfaa" WC="0.51" LANG="dan"/>
							<SP ID="SP38" WIDTH="32" HPOS="2085" VPOS="1261"/>
							<String ID="STRING44" STYLEREFS="STYLE1" HEIGHT="78" WIDTH="129" HPOS="2117" VPOS="1255" CONTENT="ikke" WC="0.82" LANG="dan"/>
							<SP ID="SP39" WIDTH="41" HPOS="2246" VPOS="1255"/>
							<String ID="STRING45" STYLEREFS="STYLE1" HEIGHT="98" WIDTH="101" HPOS="2287" VPOS="1250" CONTENT="for" WC="0.66" LANG="dan"/>
							<SP ID="SP40" WIDTH="47" HPOS="2388" VPOS="1250"/>
							<String ID="STRING46" STYLEREFS="STYLE1" HEIGHT="95" WIDTH="349" HPOS="2435" VPOS="1248" CONTENT="Skriftets" WC="0.93" LANG="dan"/>
						</TextLine>
						<TextLine ID="LINE7" HEIGHT="125" WIDTH="1711" HPOS="1077" VPOS="1388">
							<String ID="STRING47" STYLEREFS="STYLE1" HEIGHT="93" WIDTH="247" HPOS="1077" VPOS="1420" CONTENT="Skyld" WC="0.74" LANG="dan"/>
							<SP ID="SP41" WIDTH="25" HPOS="1324" VPOS="1420"/>
							<String ID="STRING48" STYLEREFS="STYLE1" HEIGHT="94" WIDTH="101" HPOS="1349" VPOS="1415" CONTENT="jeg" WC="0.82" LANG="dan"/>
							<SP ID="SP42" WIDTH="23" HPOS="1450" VPOS="1415"/>
							<String ID="STRING49" STYLEREFS="STYLE1" HEIGHT="97" WIDTH="245" HPOS="1473" VPOS="1407" CONTENT="frygter" WC="0.54" LANG="dan"/>
							<SP ID="SP43" WIDTH="23" HPOS="1718" VPOS="1407"/>
							<String ID="STRING50" STYLEREFS="STYLE1" HEIGHT="63" WIDTH="75" HPOS="1741" VPOS="1417" CONTENT="at" WC="1" LANG="dan"/>
							<SP ID="SP44" WIDTH="32" HPOS="1816" VPOS="1417"/>
							<String ID="STRING51" STYLEREFS="STYLE1" HEIGHT="91" WIDTH="180" HPOS="1848" VPOS="1397" CONTENT="sende" WC="0.81" LANG="dan"/>
							<SP ID="SP45" WIDTH="31" HPOS="2028" VPOS="1397"/>
							<String ID="STRING52" STYLEREFS="STYLE1" HEIGHT="77" WIDTH="171" HPOS="2059" VPOS="1395" CONTENT="mine" WC="0.72" LANG="dan"/>
							<SP ID="SP46" WIDTH="18" HPOS="2230" VPOS="1395"/>
							<String ID="STRING53" STYLEREFS="STYLE1" HEIGHT="94" WIDTH="280" HPOS="2248" VPOS="1389" CONTENT="Tanker." WC="0.72" LANG="dan"/>
							<SP ID="SP47" WIDTH="76" HPOS="2528" VPOS="1389"/>
							<String ID="STRING54" STYLEREFS="STYLE1" HEIGHT="81" WIDTH="184" HPOS="2604" VPOS="1388" CONTENT="Men" WC="0.78" LANG="dan"/>
						</TextLine>
						<TextLine ID="LINE8" HEIGHT="126" WIDTH="1712" HPOS="1077" VPOS="1528">
							<String ID="STRING55" STYLEREFS="STYLE1" HEIGHT="95" WIDTH="182" HPOS="1077" VPOS="1559" CONTENT="hvad" WC="0.62" LANG="dan"/>
							<SP ID="SP48" WIDTH="38" HPOS="1259" VPOS="1559"/>
							<String ID="STRING56" STYLEREFS="STYLE1" HEIGHT="95" WIDTH="104" HPOS="1297" VPOS="1552" CONTENT="jeg" WC="0.69" LANG="dan"/>
							<SP ID="SP49" WIDTH="26" HPOS="1401" VPOS="1552"/>
							<String ID="STRING57" STYLEREFS="STYLE1" HEIGHT="99" WIDTH="260" HPOS="1427" VPOS="1544" CONTENT="skriver," WC="0.58" LANG="dan"/>
							<SP ID="SP50" WIDTH="54" HPOS="1687" VPOS="1544"/>
							<String ID="STRING58" STYLEREFS="STYLE1" HEIGHT="76" WIDTH="106" HPOS="1741" VPOS="1543" CONTENT="det" WC="0.86" LANG="dan"/>
							<SP ID="SP51" WIDTH="26" HPOS="1847" VPOS="1543"/>
							<String ID="STRING59" STYLEREFS="STYLE1" HEIGHT="94" WIDTH="126" HPOS="1873" VPOS="1534" CONTENT="stal" WC="0.64" LANG="dan"/>
							<SP ID="SP52" WIDTH="48" HPOS="1999" VPOS="1534"/>
							<String ID="STRING60" STYLEREFS="STYLE1" HEIGHT="93" WIDTH="172" HPOS="2047" VPOS="1530" CONTENT="læses" WC="1" LANG="dan"/>
							<SP ID="SP53" WIDTH="28" HPOS="2219" VPOS="1530"/>
							<String ID="STRING61" STYLEREFS="STYLE1" HEIGHT="95" WIDTH="78" HPOS="2247" VPOS="1528" CONTENT="af" WC="0.31" LANG="dan"/>
							<SP ID="SP54" WIDTH="26" HPOS="2325" VPOS="1528"/>
							<String ID="STRING62" STYLEREFS="STYLE1" HEIGHT="59" WIDTH="80" HPOS="2351" VPOS="1549" CONTENT="en" WC="1" LANG="dan"/>
							<SP ID="SP55" WIDTH="32" HPOS="2431" VPOS="1549"/>
							<String ID="STRING63" STYLEREFS="STYLE1" HEIGHT="95" WIDTH="208" HPOS="2463" VPOS="1528" CONTENT="oplyst" WC="0.53" LANG="dan"/>
							<SP ID="SP56" WIDTH="38" HPOS="2671" VPOS="1528"/>
							<String ID="STRING64" STYLEREFS="STYLE1" HEIGHT="74" WIDTH="80" HPOS="2709" VPOS="1546" CONTENT="og" WC="0.64" LANG="dan"/>
						</TextLine>
						<TextLine ID="LINE9" HEIGHT="128" WIDTH="1711" HPOS="1082" VPOS="1661">
							<String ID="STRING65" STYLEREFS="STYLE1" HEIGHT="107" WIDTH="459" HPOS="1082" VPOS="1682" CONTENT="eftertænkfom" WC="0.75" LANG="dan"/>
							<SP ID="SP57" WIDTH="49" HPOS="1541" VPOS="1682"/>
							<String ID="STRING66" STYLEREFS="STYLE1" HEIGHT="98" WIDTH="257" HPOS="1590" VPOS="1678" CONTENT="Herre," WC="0.76" LANG="dan"/>
							<SP ID="SP58" WIDTH="53" HPOS="1847" VPOS="1678"/>
							<String ID="STRING67" STYLEREFS="STYLE1" HEIGHT="100" WIDTH="81" HPOS="1900" VPOS="1667" CONTENT="as" WC="1" LANG="dan"/>
							<SP ID="SP59" WIDTH="27" HPOS="1981" VPOS="1667"/>
							<String ID="STRING68" STYLEREFS="STYLE1" HEIGHT="98" WIDTH="327" HPOS="2008" VPOS="1668" CONTENT="enHerre" WC="0.76" LANG="dan"/>
							<SP ID="SP60" WIDTH="25" HPOS="2335" VPOS="1668"/>
							<String ID="STRING69" STYLEREFS="STYLE1" HEIGHT="81" WIDTH="147" HPOS="2360" VPOS="1670" CONTENT="med" WC="0.64" LANG="dan"/>
							<SP ID="SP61" WIDTH="39" HPOS="2507" VPOS="1670"/>
							<String ID="STRING70" STYLEREFS="STYLE1" HEIGHT="87" WIDTH="247" HPOS="2546" VPOS="1661" CONTENT="Deres" WC="0.73" LANG="dan"/>
						</TextLine>
						<TextLine ID="LINE10" HEIGHT="113" WIDTH="1725" HPOS="1079" VPOS="1797">
							<String ID="STRING71" STYLEREFS="STYLE2" HEIGHT="71" WIDTH="573" HPOS="1079" VPOS="1839" CONTENT="Excellences" WC="0.46" LANG="dan"/>
							<SP ID="SP62" WIDTH="48" HPOS="1652" VPOS="1839"/>
							<String ID="STRING72" STYLEREFS="STYLE1" HEIGHT="97" WIDTH="286" HPOS="1700" VPOS="1810" CONTENT="Indsigt" WC="0.78" LANG="dan"/>
							<SP ID="SP63" WIDTH="45" HPOS="1986" VPOS="1810"/>
							<String ID="STRING73" STYLEREFS="STYLE1" HEIGHT="74" WIDTH="81" HPOS="2031" VPOS="1828" CONTENT="og" WC="0.7" LANG="dan"/>
							<SP ID="SP64" WIDTH="38" HPOS="2112" VPOS="1828"/>
							<String ID="STRING74" STYLEREFS="STYLE1" HEIGHT="100" WIDTH="508" HPOS="2150" VPOS="1801" CONTENT="Tænkemaade," WC="0.8" LANG="dan"/>
							<SP ID="SP65" WIDTH="63" HPOS="2658" VPOS="1801"/>
							<String ID="STRING75" STYLEREFS="STYLE1" HEIGHT="99" WIDTH="83" HPOS="2721" VPOS="1797" CONTENT="af" WC="0.89" LANG="dan"/>
						</TextLine>
						<TextLine ID="LINE11" HEIGHT="110" WIDTH="1707" HPOS="1089" VPOS="1939">
							<String ID="STRING76" STYLEREFS="STYLE1" HEIGHT="83" WIDTH="249" HPOS="1089" VPOS="1966" CONTENT="Deres" WC="0.72" LANG="dan"/>
							<SP ID="SP66" WIDTH="41" HPOS="1338" VPOS="1966"/>
							<String ID="STRING77" STYLEREFS="STYLE2" HEIGHT="64" WIDTH="529" HPOS="1379" VPOS="1964" CONTENT="Excellence" WC="0.93" LANG="dan"/>
							<SP ID="SP67" WIDTH="39" HPOS="1908" VPOS="1964"/>
							<String ID="STRING78" STYLEREFS="STYLE1" HEIGHT="88" WIDTH="141" HPOS="1947" VPOS="1949" CONTENT="selv." WC="0.76" LANG="dan"/>
							<SP ID="SP68" WIDTH="147" HPOS="2088" VPOS="1949"/>
							<String ID="STRING79" STYLEREFS="STYLE1" HEIGHT="100" WIDTH="148" HPOS="2235" VPOS="1939" CONTENT="Zeg" WC="0.58" LANG="dan"/>
							<SP ID="SP69" WIDTH="42" HPOS="2383" VPOS="1939"/>
							<String ID="STRING80" STYLEREFS="STYLE1" HEIGHT="83" WIDTH="297" HPOS="2425" VPOS="1941" CONTENT="bevidner" WC="0.74" LANG="dan"/>
							<SP ID="SP70" WIDTH="51" HPOS="2722" VPOS="1941"/>
							<String ID="STRING81" STYLEREFS="STYLE1" HEIGHT="75" WIDTH="23" HPOS="2773" VPOS="1945" CONTENT="i" WC="0.3" LANG="dan"/>
						</TextLine>
						<TextLine ID="LINE12" HEIGHT="114" WIDTH="1715" HPOS="1088" VPOS="2073">
							<String ID="STRING82" STYLEREFS="STYLE1" HEIGHT="91" WIDTH="357" HPOS="1088" VPOS="2096" CONTENT="Sandhed" WC="0.75" LANG="dan"/>
							<SP ID="SP71" WIDTH="55" HPOS="1445" VPOS="2096"/>
							<String ID="STRING83" STYLEREFS="STYLE1" HEIGHT="62" WIDTH="73" HPOS="1500" VPOS="2106" CONTENT="at" WC="1" LANG="dan"/>
							<SP ID="SP72" WIDTH="59" HPOS="1573" VPOS="2106"/>
							<String ID="STRING84" STYLEREFS="STYLE1" HEIGHT="76" WIDTH="111" HPOS="1632" VPOS="2091" CONTENT="der" WC="0.53" LANG="dan"/>
							<SP ID="SP73" WIDTH="69" HPOS="1743" VPOS="2091"/>
							<String ID="STRING85" STYLEREFS="STYLE1" HEIGHT="96" WIDTH="287" HPOS="1812" VPOS="2080" CONTENT="behøves" WC="0.8" LANG="dan"/>
							<SP ID="SP74" WIDTH="65" HPOS="2099" VPOS="2080"/>
							<String ID="STRING86" STYLEREFS="STYLE1" HEIGHT="94" WIDTH="135" HPOS="2164" VPOS="2079" CONTENT="just" WC="0.81" LANG="dan"/>
							<SP ID="SP75" WIDTH="55" HPOS="2299" VPOS="2079"/>
							<String ID="STRING87" STYLEREFS="STYLE1" HEIGHT="88" WIDTH="249" HPOS="2354" VPOS="2073" CONTENT="Deres" WC="0.71" LANG="dan"/>
							<SP ID="SP76" WIDTH="55" HPOS="2603" VPOS="2073"/>
							<String ID="STRING88" STYLEREFS="STYLE1" HEIGHT="65" WIDTH="145" HPOS="2658" VPOS="2089" CONTENT="Ex." WC="0.85" LANG="dan"/>
						</TextLine>
						<TextLine ID="LINE13" HEIGHT="110" WIDTH="1711" HPOS="1088" VPOS="2210">
							<String ID="STRING89" STYLEREFS="STYLE2" HEIGHT="63" WIDTH="460" HPOS="1088" VPOS="2249" CONTENT="cellences" WC="0.41" LANG="dan"/>
							<SP ID="SP77" WIDTH="32" HPOS="1548" VPOS="2249"/>
							<String ID="STRING90" STYLEREFS="STYLE1" HEIGHT="78" WIDTH="151" HPOS="1580" VPOS="2242" CONTENT="egen" WC="0.82" LANG="dan"/>
							<SP ID="SP78" WIDTH="34" HPOS="1731" VPOS="2242"/>
							<String ID="STRING91" STYLEREFS="STYLE1" HEIGHT="98" WIDTH="186" HPOS="1765" VPOS="2217" CONTENT="Høie" WC="0.72" LANG="dan"/>
							<SP ID="SP79" WIDTH="26" HPOS="1951" VPOS="2217"/>
							<String ID="STRING92" STYLEREFS="STYLE1" HEIGHT="100" WIDTH="333" HPOS="1977" VPOS="2210" CONTENT="Befaling" WC="0.74" LANG="dan"/>
							<SP ID="SP80" WIDTH="47" HPOS="2310" VPOS="2210"/>
							<String ID="STRING93" STYLEREFS="STYLE1" HEIGHT="80" WIDTH="72" HPOS="2357" VPOS="2214" CONTENT="til" WC="0.85" LANG="dan"/>
							<SP ID="SP81" WIDTH="24" HPOS="2429" VPOS="2214"/>
							<String ID="STRING94" STYLEREFS="STYLE1" HEIGHT="64" WIDTH="76" HPOS="2453" VPOS="2229" CONTENT="at" WC="1" LANG="dan"/>
							<SP ID="SP82" WIDTH="52" HPOS="2529" VPOS="2229"/>
							<String ID="STRING95" STYLEREFS="STYLE1" HEIGHT="98" WIDTH="218" HPOS="2581" VPOS="2214" CONTENT="bringe" WC="0.72" LANG="dan"/>
						</TextLine>
						<TextLine ID="LINE14" HEIGHT="116" WIDTH="1710" HPOS="1092" VPOS="2351">
							<String ID="STRING96" STYLEREFS="STYLE1" HEIGHT="94" WIDTH="142" HPOS="1092" VPOS="2373" CONTENT="mig" WC="0.46" LANG="dan"/>
							<SP ID="SP83" WIDTH="37" HPOS="1234" VPOS="2373"/>
							<String ID="STRING97" STYLEREFS="STYLE1" HEIGHT="98" WIDTH="229" HPOS="1271" VPOS="2365" CONTENT="hertil," WC="0.74" LANG="dan"/>
							<SP ID="SP84" WIDTH="54" HPOS="1500" VPOS="2365"/>
							<String ID="STRING98" STYLEREFS="STYLE1" HEIGHT="78" WIDTH="82" HPOS="1554" VPOS="2376" CONTENT="og" WC="0.68" LANG="dan"/>
							<SP ID="SP85" WIDTH="41" HPOS="1636" VPOS="2376"/>
							<String ID="STRING99" STYLEREFS="STYLE1" HEIGHT="95" WIDTH="212" HPOS="1677" VPOS="2354" CONTENT="derfor" WC="0.62" LANG="dan"/>
							<SP ID="SP86" WIDTH="46" HPOS="1889" VPOS="2354"/>
							<String ID="STRING100" STYLEREFS="STYLE1" HEIGHT="77" WIDTH="146" HPOS="1935" VPOS="2359" CONTENT="med" WC="0.64" LANG="dan"/>
							<SP ID="SP87" WIDTH="38" HPOS="2081" VPOS="2359"/>
							<String ID="STRING101" STYLEREFS="STYLE1" HEIGHT="92" WIDTH="172" HPOS="2119" VPOS="2354" CONTENT="desto" WC="0.71" LANG="dan"/>
							<SP ID="SP88" WIDTH="38" HPOS="2291" VPOS="2354"/>
							<String ID="STRING102" STYLEREFS="STYLE1" HEIGHT="93" WIDTH="206" HPOS="2329" VPOS="2353" CONTENT="større" WC="0.71" LANG="dan"/>
							<SP ID="SP89" WIDTH="46" HPOS="2535" VPOS="2353"/>
							<String ID="STRING103" STYLEREFS="STYLE1" HEIGHT="99" WIDTH="221" HPOS="2581" VPOS="2351" CONTENT="Haab" WC="0.67" LANG="dan"/>
						</TextLine>
						<TextLine ID="LINE15" HEIGHT="115" WIDTH="1714" HPOS="1090" VPOS="2484">
							<String ID="STRING104" STYLEREFS="STYLE1" HEIGHT="82" WIDTH="194" HPOS="1090" VPOS="2506" CONTENT="beder" WC="0.67" LANG="dan"/>
							<SP ID="SP90" WIDTH="19" HPOS="1284" VPOS="2506"/>
							<String ID="STRING105" STYLEREFS="STYLE1" HEIGHT="98" WIDTH="103" HPOS="1303" VPOS="2501" CONTENT="jeg" WC="0.55" LANG="dan"/>
							<SP ID="SP91" WIDTH="31" HPOS="1406" VPOS="2501"/>
							<String ID="STRING106" STYLEREFS="STYLE1" HEIGHT="95" WIDTH="462" HPOS="1437" VPOS="2494" CONTENT="underdanigst" WC="0.63" LANG="dan"/>
							<SP ID="SP92" WIDTH="28" HPOS="1899" VPOS="2494"/>
							<String ID="STRING107" STYLEREFS="STYLE1" HEIGHT="90" WIDTH="877" HPOS="1927" VPOS="2484" CONTENT="atDeresExcELLENcs" WC="0.9" LANG="dan"/>
						</TextLine>
						<TextLine ID="LINE16" HEIGHT="107" WIDTH="1710" HPOS="1097" VPOS="2625">
							<String ID="STRING108" STYLEREFS="STYLE1" HEIGHT="96" WIDTH="254" HPOS="1097" VPOS="2636" CONTENT="tilgiver" WC="0.49" LANG="dan"/>
							<SP ID="SP93" WIDTH="28" HPOS="1351" VPOS="2636"/>
							<String ID="STRING109" STYLEREFS="STYLE1" HEIGHT="74" WIDTH="78" HPOS="1379" VPOS="2645" CONTENT="de" WC="0.76" LANG="dan"/>
							<SP ID="SP94" WIDTH="31" HPOS="1457" VPOS="2645"/>
							<String ID="STRING110" STYLEREFS="STYLE1" HEIGHT="94" WIDTH="135" HPOS="1488" VPOS="2632" CONTENT="heri" WC="0.64" LANG="dan"/>
							<SP ID="SP95" WIDTH="33" HPOS="1623" VPOS="2632"/>
							<String ID="STRING111" STYLEREFS="STYLE1" HEIGHT="99" WIDTH="377" HPOS="1656" VPOS="2626" CONTENT="forefundne" WC="0.71" LANG="dan"/>
							<SP ID="SP96" WIDTH="31" HPOS="2033" VPOS="2626"/>
							<String ID="STRING112" STYLEREFS="STYLE1" HEIGHT="97" WIDTH="327" HPOS="2064" VPOS="2625" CONTENT="Mangler" WC="0.74" LANG="dan"/>
							<SP ID="SP97" WIDTH="16" HPOS="2391" VPOS="2625"/>
							<String ID="STRING113" STYLEREFS="STYLE1" HEIGHT="46" WIDTH="27" HPOS="2407" VPOS="2679" CONTENT="," WC="0.63" LANG="dan"/>
							<SP ID="SP98" WIDTH="39" HPOS="2434" VPOS="2679"/>
							<String ID="STRING114" STYLEREFS="STYLE1" HEIGHT="96" WIDTH="188" HPOS="2473" VPOS="2629" CONTENT="hvori" WC="0.79" LANG="dan"/>
							<SP ID="SP99" WIDTH="22" HPOS="2661" VPOS="2629"/>
							<String ID="STRING115" STYLEREFS="STYLE1" HEIGHT="76" WIDTH="124" HPOS="2683" VPOS="2638" CONTENT="den" WC="0.77" LANG="dan"/>
						</TextLine>
						<TextLine ID="LINE17" HEIGHT="103" WIDTH="1705" HPOS="1099" VPOS="2764">
							<String ID="STRING116" STYLEREFS="STYLE1" HEIGHT="94" WIDTH="136" HPOS="1099" VPOS="2773" CONTENT="mig" WC="0.37" LANG="dan"/>
							<SP ID="SP100" WIDTH="41" HPOS="1235" VPOS="2773"/>
							<String ID="STRING117" STYLEREFS="STYLE1" HEIGHT="101" WIDTH="301" HPOS="1276" VPOS="2765" CONTENT="forelagte" WC="0.91" LANG="dan"/>
							<SP ID="SP101" WIDTH="42" HPOS="1577" VPOS="2765"/>
							<String ID="STRING118" STYLEREFS="STYLE1" HEIGHT="94" WIDTH="178" HPOS="1619" VPOS="2764" CONTENT="Bds" WC="0.54" LANG="dan"/>
							<SP ID="SP102" WIDTH="54" HPOS="1797" VPOS="2764"/>
							<String ID="STRING119" STYLEREFS="STYLE1" HEIGHT="99" WIDTH="310" HPOS="1851" VPOS="2765" CONTENT="Korthed" WC="0.68" LANG="dan"/>
							<SP ID="SP103" WIDTH="62" HPOS="2161" VPOS="2765"/>
							<String ID="STRING120" STYLEREFS="STYLE1" HEIGHT="76" WIDTH="86" HPOS="2223" VPOS="2786" CONTENT="og" WC="0.64" LANG="dan"/>
							<SP ID="SP104" WIDTH="60" HPOS="2309" VPOS="2786"/>
							<String ID="STRING121" STYLEREFS="STYLE1" HEIGHT="97" WIDTH="122" HPOS="2369" VPOS="2766" CONTENT="har" WC="0.65" LANG="dan"/>
							<SP ID="SP105" WIDTH="50" HPOS="2491" VPOS="2766"/>
							<String ID="STRING122" STYLEREFS="STYLE1" HEIGHT="102" WIDTH="263" HPOS="2541" VPOS="2765" CONTENT="Skyld." WC="0.61" LANG="dan"/>
						</TextLine>
						<TextLine ID="LINE18" HEIGHT="101" WIDTH="1717" HPOS="1092" VPOS="2901">
							<String ID="STRING123" STYLEREFS="STYLE1" HEIGHT="85" WIDTH="180" HPOS="1092" VPOS="2908" CONTENT="Det" WC="0.75" LANG="dan"/>
							<SP ID="SP106" WIDTH="36" HPOS="1272" VPOS="2908"/>
							<String ID="STRING124" STYLEREFS="STYLE1" HEIGHT="60" WIDTH="67" HPOS="1308" VPOS="2927" CONTENT="er" WC="0.77" LANG="dan"/>
							<SP ID="SP107" WIDTH="43" HPOS="1375" VPOS="2927"/>
							<String ID="STRING125" STYLEREFS="STYLE1" HEIGHT="77" WIDTH="24" HPOS="1418" VPOS="2907" CONTENT="i" WC="1" LANG="dan"/>
							<SP ID="SP108" WIDTH="28" HPOS="1442" VPOS="2907"/>
							<String ID="STRING126" STYLEREFS="STYLE1" HEIGHT="77" WIDTH="123" HPOS="1470" VPOS="2911" CONTENT="den" WC="0.87" LANG="dan"/>
							<SP ID="SP109" WIDTH="39" HPOS="1593" VPOS="2911"/>
							<String ID="STRING127" STYLEREFS="STYLE1" HEIGHT="100" WIDTH="373" HPOS="1632" VPOS="2902" CONTENT="Henfeende" WC="0.77" LANG="dan"/>
							<SP ID="SP110" WIDTH="37" HPOS="2005" VPOS="2902"/>
							<String ID="STRING128" STYLEREFS="STYLE1" HEIGHT="95" WIDTH="319" HPOS="2042" VPOS="2905" CONTENT="Umueligt" WC="0.8" LANG="dan"/>
							<SP ID="SP111" WIDTH="46" HPOS="2361" VPOS="2905"/>
							<String ID="STRING129" STYLEREFS="STYLE1" HEIGHT="98" WIDTH="104" HPOS="2407" VPOS="2901" CONTENT="for" WC="0.86" LANG="dan"/>
							<SP ID="SP112" WIDTH="39" HPOS="2511" VPOS="2901"/>
							<String ID="STRING130" STYLEREFS="STYLE1" HEIGHT="95" WIDTH="135" HPOS="2550" VPOS="2907" CONTENT="mig" WC="0.68" LANG="dan"/>
							<SP ID="SP113" WIDTH="47" HPOS="2685" VPOS="2907"/>
							<String ID="STRING131" STYLEREFS="STYLE1" HEIGHT="65" WIDTH="77" HPOS="2732" VPOS="2925" CONTENT="at" WC="1" LANG="dan"/>
						</TextLine>
						<TextLine ID="LINE19" HEIGHT="105" WIDTH="1680" HPOS="1102" VPOS="3036">
							<String ID="STRING132" STYLEREFS="STYLE1" HEIGHT="80" WIDTH="242" HPOS="1102" VPOS="3061" CONTENT="optage" WC="0.7" LANG="dan"/>
							<SP ID="SP114" WIDTH="28" HPOS="1344" VPOS="3061"/>
							<String ID="STRING133" STYLEREFS="STYLE1" HEIGHT="99" WIDTH="228" HPOS="1372" VPOS="3039" CONTENT="Alting" WC="0.85" LANG="dan"/>
							<SP ID="SP115" WIDTH="18" HPOS="1600" VPOS="3039"/>
							<String ID="STRING134" STYLEREFS="STYLE1" HEIGHT="98" WIDTH="108" HPOS="1618" VPOS="3038" CONTENT="fra" WC="0.7" LANG="dan"/>
							<SP ID="SP116" WIDTH="30" HPOS="1726" VPOS="3038"/>
							<String ID="STRING135" STYLEREFS="STYLE1" HEIGHT="90" WIDTH="338" HPOS="1756" VPOS="3037" CONTENT="Grunden" WC="0.79" LANG="dan"/>
							<SP ID="SP117" WIDTH="24" HPOS="2094" VPOS="3037"/>
							<String ID="STRING136" STYLEREFS="STYLE1" HEIGHT="100" WIDTH="89" HPOS="2118" VPOS="3036" CONTENT="af." WC="0.91" LANG="dan"/>
							<SP ID="SP118" WIDTH="99" HPOS="2207" VPOS="3036"/>
							<String ID="STRING137" STYLEREFS="STYLE1" HEIGHT="102" WIDTH="144" HPOS="2306" VPOS="3038" CONTENT="Jeg" WC="1" LANG="dan"/>
							<SP ID="SP119" WIDTH="32" HPOS="2450" VPOS="3038"/>
							<String ID="STRING138" STYLEREFS="STYLE1" HEIGHT="62" WIDTH="162" HPOS="2482" VPOS="3063" CONTENT="maa" WC="0.97" LANG="dan"/>
							<SP ID="SP120" WIDTH="28" HPOS="2644" VPOS="3063"/>
							<String ID="STRING139" STYLEREFS="STYLE1" HEIGHT="79" WIDTH="110" HPOS="2672" VPOS="3052" CONTENT="der" SUBS_TYPE="HypPart1" SUBS_CONTENT="derfor" WC="0.58" LANG="dan"/>
							<HYP CONTENT="-"/>
						</TextLine>
						<TextLine ID="LINE20" HEIGHT="104" WIDTH="1706" HPOS="1100" VPOS="3176">
							<String ID="STRING140" STYLEREFS="STYLE1" HEIGHT="100" WIDTH="108" HPOS="1100" VPOS="3180" CONTENT="for" SUBS_TYPE="HypPart2" SUBS_CONTENT="derfor" WC="0.34" LANG="dan"/>
							<SP ID="SP121" WIDTH="26" HPOS="1208" VPOS="3180"/>
							<String ID="STRING141" STYLEREFS="STYLE3" HEIGHT="82" WIDTH="26" HPOS="1234" VPOS="3183" CONTENT="i" WC="0.32" LANG="dan"/>
							<SP ID="SP122" WIDTH="34" HPOS="1260" VPOS="3183"/>
							<String ID="STRING142" STYLEREFS="STYLE1" HEIGHT="101" WIDTH="318" HPOS="1294" VPOS="3176" CONTENT="Forveien" WC="0.86" LANG="nob"/>
							<SP ID="SP123" WIDTH="14" HPOS="1612" VPOS="3176"/>
							<String ID="STRING143" STYLEREFS="STYLE1" HEIGHT="85" WIDTH="244" HPOS="1626" VPOS="3177" CONTENT="erindre" WC="0.74" LANG="dan"/>
							<SP ID="SP124" WIDTH="20" HPOS="1870" VPOS="3177"/>
							<String ID="STRING144" STYLEREFS="STYLE1" HEIGHT="64" WIDTH="74" HPOS="1890" VPOS="3197" CONTENT="at" WC="1" LANG="dan"/>
							<SP ID="SP125" WIDTH="28" HPOS="1964" VPOS="3197"/>
							<String ID="STRING145" STYLEREFS="STYLE1" HEIGHT="87" WIDTH="242" HPOS="1992" VPOS="3177" CONTENT="Deres" WC="0.8" LANG="dan"/>
							<SP ID="SP126" WIDTH="32" HPOS="2234" VPOS="3177"/>
							<String ID="STRING146" STYLEREFS="STYLE3" HEIGHT="77" WIDTH="540" HPOS="2266" VPOS="3184" CONTENT="Excellence" WC="0.85" LANG="dan"/>
						</TextLine>
						<TextLine ID="LINE21" HEIGHT="108" WIDTH="1712" HPOS="1103" VPOS="3314">
							<String ID="STRING147" STYLEREFS="STYLE1" HEIGHT="63" WIDTH="170" HPOS="1103" VPOS="3336" CONTENT="maa" WC="0.75" LANG="dan"/>
							<SP ID="SP127" WIDTH="34" HPOS="1273" VPOS="3336"/>
							<String ID="STRING148" STYLEREFS="STYLE1" HEIGHT="81" WIDTH="129" HPOS="1307" VPOS="3314" CONTENT="ikke" WC="0.72" LANG="dan"/>
							<SP ID="SP128" WIDTH="29" HPOS="1436" VPOS="3314"/>
							<String ID="STRING149" STYLEREFS="STYLE1" HEIGHT="64" WIDTH="185" HPOS="1465" VPOS="3332" CONTENT="vente" WC="0.93" LANG="dan"/>
							<SP ID="SP129" WIDTH="29" HPOS="1650" VPOS="3332"/>
							<String ID="STRING150" STYLEREFS="STYLE1" HEIGHT="77" WIDTH="199" HPOS="1679" VPOS="3325" CONTENT="andet" WC="0.93" LANG="dan"/>
							<SP ID="SP130" WIDTH="49" HPOS="1878" VPOS="3325"/>
							<String ID="STRING151" STYLEREFS="STYLE1" HEIGHT="76" WIDTH="124" HPOS="1927" VPOS="3327" CONTENT="end" WC="0.78" LANG="dan"/>
							<SP ID="SP131" WIDTH="58" HPOS="2051" VPOS="3327"/>
							<String ID="STRING152" STYLEREFS="STYLE1" HEIGHT="76" WIDTH="75" HPOS="2109" VPOS="3324" CONTENT="de" WC="0.72" LANG="dan"/>
							<SP ID="SP132" WIDTH="46" HPOS="2184" VPOS="3324"/>
							<String ID="STRING153" STYLEREFS="STYLE1" HEIGHT="100" WIDTH="454" HPOS="2230" VPOS="3319" CONTENT="almindeligste" WC="0.77" LANG="dan"/>
							<SP ID="SP133" WIDTH="46" HPOS="2684" VPOS="3319"/>
							<String ID="STRING154" STYLEREFS="STYLE1" HEIGHT="76" WIDTH="85" HPOS="2730" VPOS="3346" CONTENT="og" WC="0.65" LANG="dan"/>
						</TextLine>
						<TextLine ID="LINE22" HEIGHT="109" WIDTH="1685" HPOS="1105" VPOS="3450">
							<String ID="STRING155" STYLEREFS="STYLE4" HEIGHT="102" WIDTH="364" HPOS="1105" VPOS="3457" CONTENT="allermeest." WC="0.7" LANG="dan"/>
							<SP ID="SP134" WIDTH="28" HPOS="1469" VPOS="3457"/>
							<String ID="STRING156" STYLEREFS="STYLE1" HEIGHT="93" WIDTH="325" HPOS="1497" VPOS="3450" CONTENT="bekiendte" WC="0.86" LANG="dan"/>
							<SP ID="SP135" WIDTH="63" HPOS="1822" VPOS="3450"/>
							<String ID="STRING157" STYLEREFS="STYLE1" HEIGHT="102" WIDTH="463" HPOS="1885" VPOS="3451" CONTENT="Sandheder;" WC="0.74" LANG="dan"/>
							<SP ID="SP136" WIDTH="47" HPOS="2348" VPOS="3451"/>
							<String ID="STRING158" STYLEREFS="STYLE1" HEIGHT="99" WIDTH="107" HPOS="2395" VPOS="3454" CONTENT="for" WC="0.81" LANG="dan"/>
							<SP ID="SP137" WIDTH="52" HPOS="2502" VPOS="3454"/>
							<String ID="STRING159" STYLEREFS="STYLE1" HEIGHT="66" WIDTH="76" HPOS="2554" VPOS="3474" CONTENT="at" WC="1" LANG="dan"/>
							<SP ID="SP138" WIDTH="59" HPOS="2630" VPOS="3474"/>
							<String ID="STRING160" STYLEREFS="STYLE1" HEIGHT="98" WIDTH="101" HPOS="2689" VPOS="3456" CONTENT="føl" SUBS_TYPE="HypPart1" SUBS_CONTENT="følge" WC="0.79" LANG="dan"/>
							<HYP CONTENT="-"/>
						</TextLine>
						<TextLine ID="LINE23" HEIGHT="78" WIDTH="78" HPOS="2638" VPOS="3618">
							<String ID="STRING161" STYLEREFS="STYLE4" HEIGHT="78" WIDTH="78" HPOS="2638" VPOS="3618" CONTENT="ge" SUBS_TYPE="HypPart2" SUBS_CONTENT="følge" WC="0.25" LANG="dan"/>
						</TextLine>
					</TextBlock>
				</ComposedBlock>
			</PrintSpace>
		</Page>
	</Layout>
</alto>
