<?xml version="1.0" encoding="utf-8"?>
<alto xmlns="http://www.loc.gov/standards/alto/ns-v3#" xmlns:xs="http://www.w3.org/2001/XMLSchema-instance" xmlns:xlink="http://www.w3.org/1999/xlink">
	<Description>
		<MeasurementUnit>pixel</MeasurementUnit>
		<sourceImageInformation>
			<fileName>130017168313_1_002_001_006.tif</fileName>
		</sourceImageInformation>
		<OCRProcessing ID="OCR1">
			<ocrProcessingStep>
				<processingDateTime>2018-08-31</processingDateTime>
				<processingAgency>Zissor AS</processingAgency>
				<processingStepSettings>Combined OCR</processingStepSettings>
				<processingSoftware>
					<softwareCreator>Zissor AS</softwareCreator>
					<softwareName>ContentOCR-11; ContentOCR-Tesseract</softwareName>
					<softwareVersion>2.0.2; 2.0.0</softwareVersion>
					<applicationDescription>OCR Component for Zissor Content System</applicationDescription>
				</processingSoftware>
			</ocrProcessingStep>
			<postProcessingStep>
				<processingDateTime>2018-08-31</processingDateTime>
				<processingAgency>Zissor AS</processingAgency>
				<processingStepSettings>KB-bok1</processingStepSettings>
				<processingSoftware>
					<softwareCreator>Zissor AS</softwareCreator>
					<softwareName>MediaArticleAnalyzer</softwareName>
					<softwareVersion>2.0.0</softwareVersion>
					<applicationDescription>Segmentation Component for Zissor Content System</applicationDescription>
				</processingSoftware>
			</postProcessingStep>
		</OCRProcessing>
	</Description>
	<Styles>
		<TextStyle ID="STYLE1" FONTFAMILY="Arial" FONTSIZE="7.5" FONTSTYLE="italics"/>
		<TextStyle ID="STYLE2" FONTFAMILY="Arial" FONTSIZE="7.5" FONTSTYLE="underline"/>
		<TextStyle ID="STYLE3" FONTFAMILY="Arial" FONTSIZE="7.5" FONTSTYLE=""/>
		<TextStyle ID="STYLE4" FONTFAMILY="Arial" FONTSIZE="9.5" FONTSTYLE="bold"/>
		<TextStyle ID="STYLE5" FONTFAMILY="Arial" FONTSIZE="10.5" FONTSTYLE=""/>
		<TextStyle ID="STYLE6" FONTFAMILY="Arial" FONTSIZE="12" FONTSTYLE="italics"/>
	</Styles>
	<Layout>
		<Page ID="PAGE6" HEIGHT="4624" WIDTH="2965" PHYSICAL_IMG_NR="6" PROCESSING="OCR1" PC="0.71">
			<TopMargin HEIGHT="426" WIDTH="2965" HPOS="0" VPOS="0"/>
			<LeftMargin HEIGHT="3255" WIDTH="1025" HPOS="0" VPOS="426"/>
			<RightMargin HEIGHT="3255" WIDTH="174" HPOS="2791" VPOS="426"/>
			<BottomMargin HEIGHT="941" WIDTH="2965" HPOS="0" VPOS="3683"/>
			<PrintSpace ID="PRINTSPACE1" HEIGHT="3255" WIDTH="1764" HPOS="1026" VPOS="427">
				<ComposedBlock xs:type="ComposedBlockType" ID="ARTICLE102115" HEIGHT="3255" WIDTH="1764" HPOS="1026" VPOS="427" xlink:type="simple">
					<TextBlock xs:type="TextBlockType" ID="ZONE1070182" HEIGHT="83" WIDTH="1092" HPOS="1166" VPOS="427" xlink:type="simple">
						<TextLine ID="LINE1" HEIGHT="78" WIDTH="1092" HPOS="1166" VPOS="429">
							<String ID="STRING1" STYLEREFS="STYLE1" HEIGHT="68" WIDTH="42" HPOS="1166" VPOS="439" CONTENT="$" WC="0.22" LANG="nob"/>
							<SP ID="SP1" WIDTH="358" HPOS="1208" VPOS="439"/>
							<String ID="STRING2" STYLEREFS="STYLE2" HEIGHT="74" WIDTH="102" HPOS="1566" VPOS="430" CONTENT="U-," WC="0.21" LANG="nob"/>
							<SP ID="SP2" WIDTH="534" HPOS="1668" VPOS="430"/>
							<String ID="STRING3" STYLEREFS="STYLE3" HEIGHT="29" WIDTH="56" HPOS="2202" VPOS="429" CONTENT="&quot;" WC="1" LANG="nob"/>
						</TextLine>
					</TextBlock>
					<TextBlock xs:type="TextBlockType" ID="ZONE1070183" HEIGHT="2986" WIDTH="1764" HPOS="1026" VPOS="591" xlink:type="simple">
						<TextLine ID="LINE2" HEIGHT="103" WIDTH="1714" HPOS="1060" VPOS="594">
							<String ID="STRING4" STYLEREFS="STYLE4" HEIGHT="74" WIDTH="524" HPOS="1060" VPOS="611" CONTENT="Excellence" WC="0.46" LANG="dan"/>
							<SP ID="SP3" WIDTH="48" HPOS="1584" VPOS="611"/>
							<String ID="STRING5" STYLEREFS="STYLE5" HEIGHT="99" WIDTH="320" HPOS="1632" VPOS="598" CONTENT="forestiller" WC="0.58" LANG="dan"/>
							<SP ID="SP4" WIDTH="34" HPOS="1952" VPOS="598"/>
							<String ID="STRING6" STYLEREFS="STYLE4" HEIGHT="98" WIDTH="94" HPOS="1986" VPOS="599" CONTENT="fig" WC="0.34" LANG="nob"/>
							<SP ID="SP5" WIDTH="54" HPOS="2080" VPOS="599"/>
							<String ID="STRING7" STYLEREFS="STYLE5" HEIGHT="99" WIDTH="166" HPOS="2134" VPOS="595" CONTENT="ikke," WC="0.84" LANG="dan"/>
							<SP ID="SP6" WIDTH="58" HPOS="2300" VPOS="595"/>
							<String ID="STRING8" STYLEREFS="STYLE5" HEIGHT="98" WIDTH="164" HPOS="2358" VPOS="594" CONTENT="hvor" WC="0.49" LANG="dan"/>
							<SP ID="SP7" WIDTH="46" HPOS="2522" VPOS="594"/>
							<String ID="STRING9" STYLEREFS="STYLE5" HEIGHT="84" WIDTH="206" HPOS="2568" VPOS="609" CONTENT="Meget" WC="0.6" LANG="dan"/>
						</TextLine>
						<TextLine ID="LINE3" HEIGHT="109" WIDTH="1708" HPOS="1056" VPOS="732">
							<String ID="STRING10" STYLEREFS="STYLE5" HEIGHT="102" WIDTH="100" HPOS="1056" VPOS="739" CONTENT="jeg" WC="0.64" LANG="dan"/>
							<SP ID="SP8" WIDTH="42" HPOS="1156" VPOS="739"/>
							<String ID="STRING11" STYLEREFS="STYLE5" HEIGHT="79" WIDTH="138" HPOS="1198" VPOS="743" CONTENT="blev" WC="0.75" LANG="dan"/>
							<SP ID="SP9" WIDTH="44" HPOS="1336" VPOS="743"/>
							<String ID="STRING12" STYLEREFS="STYLE5" HEIGHT="90" WIDTH="338" HPOS="1380" VPOS="744" CONTENT="nedsiaaer." WC="0.67" LANG="dan"/>
							<SP ID="SP10" WIDTH="104" HPOS="1718" VPOS="744"/>
							<String ID="STRING13" STYLEREFS="STYLE5" HEIGHT="94" WIDTH="172" HPOS="1822" VPOS="735" CONTENT="Ach!" WC="0.49" LANG="dan"/>
							<SP ID="SP11" WIDTH="54" HPOS="1994" VPOS="735"/>
							<String ID="STRING14" STYLEREFS="STYLE5" HEIGHT="90" WIDTH="244" HPOS="2048" VPOS="733" CONTENT="tænkde" WC="0.81" LANG="dan"/>
							<SP ID="SP12" WIDTH="42" HPOS="2292" VPOS="733"/>
							<String ID="STRING15" STYLEREFS="STYLE5" HEIGHT="104" WIDTH="140" HPOS="2334" VPOS="732" CONTENT="jeg," WC="0.73" LANG="dan"/>
							<SP ID="SP13" WIDTH="70" HPOS="2474" VPOS="732"/>
							<String ID="STRING16" STYLEREFS="STYLE5" HEIGHT="62" WIDTH="66" HPOS="2544" VPOS="752" CONTENT="er" WC="0.65" LANG="dan"/>
							<SP ID="SP14" WIDTH="40" HPOS="2610" VPOS="752"/>
							<String ID="STRING17" STYLEREFS="STYLE5" HEIGHT="80" WIDTH="114" HPOS="2650" VPOS="738" CONTENT="dér" WC="0.53" LANG="dan"/>
						</TextLine>
						<TextLine ID="LINE4" HEIGHT="108" WIDTH="1726" HPOS="1057" VPOS="868">
							<String ID="STRING18" STYLEREFS="STYLE5" HEIGHT="66" WIDTH="112" HPOS="1057" VPOS="899" CONTENT="een" WC="0.93" LANG="dan"/>
							<SP ID="SP15" WIDTH="42" HPOS="1169" VPOS="899"/>
							<String ID="STRING19" STYLEREFS="STYLE5" HEIGHT="87" WIDTH="210" HPOS="1211" VPOS="879" CONTENT="iblant" WC="0.69" LANG="nob"/>
							<SP ID="SP16" WIDTH="30" HPOS="1421" VPOS="879"/>
							<String ID="STRING20" STYLEREFS="STYLE5" HEIGHT="88" WIDTH="124" HPOS="1451" VPOS="888" CONTENT="os," WC="0.72" LANG="dan"/>
							<SP ID="SP17" WIDTH="58" HPOS="1575" VPOS="888"/>
							<String ID="STRING21" STYLEREFS="STYLE5" HEIGHT="94" WIDTH="140" HPOS="1633" VPOS="874" CONTENT="svm" WC="0.54" LANG="dan"/>
							<SP ID="SP18" WIDTH="50" HPOS="1773" VPOS="874"/>
							<String ID="STRING22" STYLEREFS="STYLE5" HEIGHT="100" WIDTH="290" HPOS="1823" VPOS="869" CONTENT="offentlig" WC="0.73" LANG="dan"/>
							<SP ID="SP19" WIDTH="30" HPOS="2113" VPOS="869"/>
							<String ID="STRING23" STYLEREFS="STYLE5" HEIGHT="71" WIDTH="110" HPOS="2143" VPOS="887" CONTENT="tør" WC="0.52" LANG="dan"/>
							<SP ID="SP20" WIDTH="40" HPOS="2253" VPOS="887"/>
							<String ID="STRING24" STYLEREFS="STYLE5" HEIGHT="96" WIDTH="196" HPOS="2293" VPOS="870" CONTENT="ftrive" WC="0.58" LANG="dan"/>
							<SP ID="SP21" WIDTH="30" HPOS="2489" VPOS="870"/>
							<String ID="STRING25" STYLEREFS="STYLE5" HEIGHT="76" WIDTH="80" HPOS="2519" VPOS="882" CONTENT="os" WC="0.76" LANG="dan"/>
							<SP ID="SP22" WIDTH="34" HPOS="2599" VPOS="882"/>
							<String ID="STRING26" STYLEREFS="STYLE5" HEIGHT="99" WIDTH="150" HPOS="2633" VPOS="868" CONTENT="disse" WC="0.58" LANG="dan"/>
						</TextLine>
						<TextLine ID="LINE5" HEIGHT="110" WIDTH="1724" HPOS="1061" VPOS="1005">
							<String ID="STRING27" STYLEREFS="STYLE5" HEIGHT="99" WIDTH="182" HPOS="1061" VPOS="1013" CONTENT="Ting" WC="0.66" LANG="dan"/>
							<SP ID="SP23" WIDTH="18" HPOS="1243" VPOS="1013"/>
							<String ID="STRING28" STYLEREFS="STYLE5" HEIGHT="102" WIDTH="128" HPOS="1261" VPOS="1010" CONTENT="for," WC="0.61" LANG="dan"/>
							<SP ID="SP24" WIDTH="56" HPOS="1389" VPOS="1010"/>
							<String ID="STRING29" STYLEREFS="STYLE5" HEIGHT="74" WIDTH="80" HPOS="1445" VPOS="1036" CONTENT="og" WC="0.58" LANG="dan"/>
							<SP ID="SP25" WIDTH="30" HPOS="1525" VPOS="1036"/>
							<String ID="STRING30" STYLEREFS="STYLE5" HEIGHT="84" WIDTH="214" HPOS="1555" VPOS="1016" CONTENT="endda" WC="0.78" LANG="dan"/>
							<SP ID="SP26" WIDTH="34" HPOS="1769" VPOS="1016"/>
							<String ID="STRING31" STYLEREFS="STYLE5" HEIGHT="96" WIDTH="142" HPOS="1803" VPOS="1011" CONTENT="give" WC="0.78" LANG="dan"/>
							<SP ID="SP27" WIDTH="26" HPOS="1945" VPOS="1011"/>
							<String ID="STRING32" STYLEREFS="STYLE5" HEIGHT="104" WIDTH="92" HPOS="1971" VPOS="1011" CONTENT="fig" WC="0.4" LANG="dan"/>
							<SP ID="SP28" WIDTH="30" HPOS="2063" VPOS="1011"/>
							<String ID="STRING33" STYLEREFS="STYLE5" HEIGHT="76" WIDTH="92" HPOS="2093" VPOS="1015" CONTENT="ud" WC="0.38" LANG="dan"/>
							<SP ID="SP29" WIDTH="16" HPOS="2185" VPOS="1015"/>
							<String ID="STRING34" STYLEREFS="STYLE5" HEIGHT="99" WIDTH="104" HPOS="2201" VPOS="1005" CONTENT="for" WC="0.78" LANG="dan"/>
							<SP ID="SP30" WIDTH="16" HPOS="2305" VPOS="1005"/>
							<String ID="STRING35" STYLEREFS="STYLE5" HEIGHT="95" WIDTH="464" HPOS="2321" VPOS="1008" CONTENT="Landsmand," WC="0.76" LANG="dan"/>
						</TextLine>
						<TextLine ID="LINE6" HEIGHT="110" WIDTH="1696" HPOS="1065" VPOS="1142">
							<String ID="STRING36" STYLEREFS="STYLE5" HEIGHT="103" WIDTH="324" HPOS="1065" VPOS="1147" CONTENT="Patriot," WC="0.57" LANG="dan"/>
							<SP ID="SP31" WIDTH="52" HPOS="1389" VPOS="1147"/>
							<String ID="STRING37" STYLEREFS="STYLE5" HEIGHT="102" WIDTH="548" HPOS="1441" VPOS="1150" CONTENT="Fædernelandes" WC="0.85" LANG="dan"/>
							<SP ID="SP32" WIDTH="54" HPOS="1989" VPOS="1150"/>
							<String ID="STRING38" STYLEREFS="STYLE5" HEIGHT="83" WIDTH="206" HPOS="2043" VPOS="1145" CONTENT="Ven!" WC="0.89" LANG="dan"/>
							<SP ID="SP33" WIDTH="70" HPOS="2249" VPOS="1145"/>
							<String ID="STRING39" STYLEREFS="STYLE5" HEIGHT="86" WIDTH="100" HPOS="2319" VPOS="1142" CONTENT="Er" WC="0.85" LANG="dan"/>
							<SP ID="SP34" WIDTH="42" HPOS="2419" VPOS="1142"/>
							<String ID="STRING40" STYLEREFS="STYLE5" HEIGHT="80" WIDTH="104" HPOS="2461" VPOS="1150" CONTENT="det" WC="0.54" LANG="dan"/>
							<SP ID="SP35" WIDTH="44" HPOS="2565" VPOS="1150"/>
							<String ID="STRING41" STYLEREFS="STYLE5" HEIGHT="61" WIDTH="152" HPOS="2609" VPOS="1162" CONTENT="mm" SUBS_TYPE="HypPart1" SUBS_CONTENT="mmjigt" WC="0.29" LANG="dan"/>
							<HYP CONTENT="-"/>
						</TextLine>
						<TextLine ID="LINE7" HEIGHT="105" WIDTH="1739" HPOS="1049" VPOS="1271">
							<String ID="STRING42" STYLEREFS="STYLE5" HEIGHT="96" WIDTH="119" HPOS="1049" VPOS="1277" CONTENT="jigt" SUBS_TYPE="HypPart2" SUBS_CONTENT="mmjigt" WC="0.54" LANG="dan"/>
							<SP ID="SP36" WIDTH="45" HPOS="1168" VPOS="1277"/>
							<String ID="STRING43" STYLEREFS="STYLE5" HEIGHT="74" WIDTH="73" HPOS="1213" VPOS="1294" CONTENT="at" WC="0.77" LANG="dan"/>
							<SP ID="SP37" WIDTH="33" HPOS="1286" VPOS="1294"/>
							<String ID="STRING44" STYLEREFS="STYLE5" HEIGHT="78" WIDTH="201" HPOS="1319" VPOS="1282" CONTENT="denne" WC="0.86" LANG="dan"/>
							<SP ID="SP38" WIDTH="31" HPOS="1520" VPOS="1282"/>
							<String ID="STRING45" STYLEREFS="STYLE5" HEIGHT="104" WIDTH="177" HPOS="1551" VPOS="1272" CONTENT="elfter" WC="0.76" LANG="deu"/>
							<SP ID="SP39" WIDTH="31" HPOS="1728" VPOS="1272"/>
							<String ID="STRING46" STYLEREFS="STYLE5" HEIGHT="96" WIDTH="379" HPOS="1759" VPOS="1271" CONTENT="Sandhed," WC="0.64" LANG="dan"/>
							<SP ID="SP40" WIDTH="59" HPOS="2138" VPOS="1271"/>
							<String ID="STRING47" STYLEREFS="STYLE5" HEIGHT="60" WIDTH="71" HPOS="2197" VPOS="1292" CONTENT="ar" WC="0.4" LANG="dan"/>
							<SP ID="SP41" WIDTH="39" HPOS="2268" VPOS="1292"/>
							<String ID="STRING48" STYLEREFS="STYLE5" HEIGHT="92" WIDTH="131" HPOS="2307" VPOS="1276" CONTENT="han" WC="0.79" LANG="dan"/>
							<SP ID="SP42" WIDTH="25" HPOS="2438" VPOS="1276"/>
							<String ID="STRING49" STYLEREFS="STYLE5" HEIGHT="74" WIDTH="89" HPOS="2463" VPOS="1278" CONTENT="vil" WC="0.82" LANG="dan"/>
							<SP ID="SP43" WIDTH="17" HPOS="2552" VPOS="1278"/>
							<String ID="STRING50" STYLEREFS="STYLE5" HEIGHT="68" WIDTH="79" HPOS="2569" VPOS="1284" CONTENT="os" WC="1" LANG="dan"/>
							<SP ID="SP44" WIDTH="17" HPOS="2648" VPOS="1284"/>
							<String ID="STRING51" STYLEREFS="STYLE5" HEIGHT="82" WIDTH="123" HPOS="2665" VPOS="1279" CONTENT="alle" WC="0.88" LANG="dan"/>
						</TextLine>
						<TextLine ID="LINE8" HEIGHT="103" WIDTH="1724" HPOS="1062" VPOS="1406">
							<String ID="STRING52" STYLEREFS="STYLE5" HEIGHT="76" WIDTH="124" HPOS="1062" VPOS="1415" CONTENT="vel." WC="0.72" LANG="dan"/>
							<SP ID="SP45" WIDTH="102" HPOS="1186" VPOS="1415"/>
							<String ID="STRING53" STYLEREFS="STYLE5" HEIGHT="86" WIDTH="168" HPOS="1288" VPOS="1410" CONTENT="Det" WC="0.55" LANG="dan"/>
							<SP ID="SP46" WIDTH="30" HPOS="1456" VPOS="1410"/>
							<String ID="STRING54" STYLEREFS="STYLE5" HEIGHT="66" WIDTH="126" HPOS="1486" VPOS="1428" CONTENT="var" WC="0.58" LANG="dan"/>
							<SP ID="SP47" WIDTH="32" HPOS="1612" VPOS="1428"/>
							<String ID="STRING55" STYLEREFS="STYLE5" HEIGHT="78" WIDTH="136" HPOS="1644" VPOS="1414" CONTENT="kun" WC="0.84" LANG="dan"/>
							<SP ID="SP48" WIDTH="28" HPOS="1780" VPOS="1414"/>
							<String ID="STRING56" STYLEREFS="STYLE5" HEIGHT="94" WIDTH="170" HPOS="1808" VPOS="1409" CONTENT="lidet," WC="0.82" LANG="dan"/>
							<SP ID="SP49" WIDTH="56" HPOS="1978" VPOS="1409"/>
							<String ID="STRING57" STYLEREFS="STYLE5" HEIGHT="64" WIDTH="74" HPOS="2034" VPOS="1423" CONTENT="at" WC="0.67" LANG="dan"/>
							<SP ID="SP50" WIDTH="28" HPOS="2108" VPOS="1423"/>
							<String ID="STRING58" STYLEREFS="STYLE5" HEIGHT="99" WIDTH="100" HPOS="2136" VPOS="1407" CONTENT="jeg" WC="0.73" LANG="dan"/>
							<SP ID="SP51" WIDTH="18" HPOS="2236" VPOS="1407"/>
							<String ID="STRING59" STYLEREFS="STYLE5" HEIGHT="102" WIDTH="368" HPOS="2254" VPOS="1406" CONTENT="forestillede" WC="0.8" LANG="dan"/>
							<SP ID="SP52" WIDTH="32" HPOS="2622" VPOS="1406"/>
							<String ID="STRING60" STYLEREFS="STYLE5" HEIGHT="96" WIDTH="132" HPOS="2654" VPOS="1413" CONTENT="mig" WC="0.79" LANG="dan"/>
						</TextLine>
						<TextLine ID="LINE9" HEIGHT="104" WIDTH="1732" HPOS="1054" VPOS="1543">
							<String ID="STRING61" STYLEREFS="STYLE5" HEIGHT="96" WIDTH="160" HPOS="1054" VPOS="1545" CONTENT="ham" WC="0.48" LANG="dan"/>
							<SP ID="SP53" WIDTH="36" HPOS="1214" VPOS="1545"/>
							<String ID="STRING62" STYLEREFS="STYLE5" HEIGHT="94" WIDTH="134" HPOS="1250" VPOS="1546" CONTENT="som" WC="0.87" LANG="dan"/>
							<SP ID="SP54" WIDTH="50" HPOS="1384" VPOS="1546"/>
							<String ID="STRING63" STYLEREFS="STYLE5" HEIGHT="70" WIDTH="60" HPOS="1434" VPOS="1564" CONTENT="et" WC="0.77" LANG="dan"/>
							<SP ID="SP55" WIDTH="44" HPOS="1494" VPOS="1564"/>
							<String ID="STRING64" STYLEREFS="STYLE5" HEIGHT="97" WIDTH="366" HPOS="1538" VPOS="1546" CONTENT="ubesindigt" WC="0.71" LANG="dan"/>
							<SP ID="SP56" WIDTH="44" HPOS="1904" VPOS="1546"/>
							<String ID="STRING65" STYLEREFS="STYLE5" HEIGHT="80" WIDTH="80" HPOS="1948" VPOS="1565" CONTENT="og" WC="0.8" LANG="dan"/>
							<SP ID="SP57" WIDTH="46" HPOS="2028" VPOS="1565"/>
							<String ID="STRING66" STYLEREFS="STYLE5" HEIGHT="99" WIDTH="302" HPOS="2074" VPOS="1543" CONTENT="selvklogt" WC="0.81" LANG="dan"/>
							<SP ID="SP58" WIDTH="30" HPOS="2376" VPOS="1543"/>
							<String ID="STRING67" STYLEREFS="STYLE5" HEIGHT="101" WIDTH="380" HPOS="2406" VPOS="1546" CONTENT="Mennefte," WC="0.75" LANG="dan"/>
						</TextLine>
						<TextLine ID="LINE10" HEIGHT="109" WIDTH="1728" HPOS="1056" VPOS="1679">
							<String ID="STRING68" STYLEREFS="STYLE5" HEIGHT="96" WIDTH="140" HPOS="1056" VPOS="1679" CONTENT="som" WC="0.71" LANG="dan"/>
							<SP ID="SP59" WIDTH="54" HPOS="1196" VPOS="1679"/>
							<String ID="STRING69" STYLEREFS="STYLE5" HEIGHT="104" WIDTH="212" HPOS="1250" VPOS="1684" CONTENT="havde" WC="0.78" LANG="dan"/>
							<SP ID="SP60" WIDTH="52" HPOS="1462" VPOS="1684"/>
							<String ID="STRING70" STYLEREFS="STYLE5" HEIGHT="76" WIDTH="208" HPOS="1514" VPOS="1702" CONTENT="nogen" WC="0.77" LANG="dan"/>
							<SP ID="SP61" WIDTH="56" HPOS="1722" VPOS="1702"/>
							<String ID="STRING71" STYLEREFS="STYLE5" HEIGHT="98" WIDTH="366" HPOS="1778" VPOS="1681" CONTENT="Vittighed" WC="0.53" LANG="dan"/>
							<SP ID="SP62" WIDTH="60" HPOS="2144" VPOS="1681"/>
							<String ID="STRING72" STYLEREFS="STYLE5" HEIGHT="76" WIDTH="172" HPOS="2204" VPOS="1690" CONTENT="uden" WC="0.75" LANG="dan"/>
							<SP ID="SP63" WIDTH="48" HPOS="2376" VPOS="1690"/>
							<String ID="STRING73" STYLEREFS="STYLE5" HEIGHT="105" WIDTH="360" HPOS="2424" VPOS="1682" CONTENT="Erfaring," WC="0.72" LANG="dan"/>
						</TextLine>
						<TextLine ID="LINE11" HEIGHT="108" WIDTH="1729" HPOS="1054" VPOS="1812">
							<String ID="STRING74" STYLEREFS="STYLE5" HEIGHT="100" WIDTH="141" HPOS="1054" VPOS="1813" CONTENT="svm" WC="0.71" LANG="dan"/>
							<SP ID="SP64" WIDTH="27" HPOS="1195" VPOS="1813"/>
							<String ID="STRING75" STYLEREFS="STYLE5" HEIGHT="99" WIDTH="211" HPOS="1222" VPOS="1817" CONTENT="havde" WC="0.71" LANG="dan"/>
							<SP ID="SP65" WIDTH="28" HPOS="1433" VPOS="1817"/>
							<String ID="STRING76" STYLEREFS="STYLE5" HEIGHT="64" WIDTH="198" HPOS="1461" VPOS="1834" CONTENT="været" WC="0.78" LANG="dan"/>
							<SP ID="SP66" WIDTH="37" HPOS="1659" VPOS="1834"/>
							<String ID="STRING77" STYLEREFS="STYLE5" HEIGHT="100" WIDTH="227" HPOS="1696" VPOS="1817" CONTENT="hældig" WC="0.74" LANG="dan"/>
							<SP ID="SP67" WIDTH="58" HPOS="1923" VPOS="1817"/>
							<String ID="STRING78" STYLEREFS="STYLE5" HEIGHT="80" WIDTH="126" HPOS="1981" VPOS="1819" CONTENT="nok" WC="0.8" LANG="dan"/>
							<SP ID="SP68" WIDTH="28" HPOS="2107" VPOS="1819"/>
							<String ID="STRING79" STYLEREFS="STYLE5" HEIGHT="80" WIDTH="70" HPOS="2135" VPOS="1819" CONTENT="til" WC="0.7" LANG="dan"/>
							<SP ID="SP69" WIDTH="44" HPOS="2205" VPOS="1819"/>
							<String ID="STRING80" STYLEREFS="STYLE5" HEIGHT="60" WIDTH="74" HPOS="2249" VPOS="1840" CONTENT="ar" WC="0.63" LANG="dan"/>
							<SP ID="SP70" WIDTH="31" HPOS="2323" VPOS="1840"/>
							<String ID="STRING81" STYLEREFS="STYLE5" HEIGHT="106" WIDTH="167" HPOS="2354" VPOS="1812" CONTENT="kaste" WC="0.65" LANG="dan"/>
							<SP ID="SP71" WIDTH="31" HPOS="2521" VPOS="1812"/>
							<String ID="STRING82" STYLEREFS="STYLE5" HEIGHT="96" WIDTH="91" HPOS="2552" VPOS="1824" CONTENT="sig" WC="0.48" LANG="dan"/>
							<SP ID="SP72" WIDTH="32" HPOS="2643" VPOS="1824"/>
							<String ID="STRING83" STYLEREFS="STYLE5" HEIGHT="77" WIDTH="108" HPOS="2675" VPOS="1826" CONTENT="løs" WC="1" LANG="dan"/>
						</TextLine>
						<TextLine ID="LINE12" HEIGHT="104" WIDTH="1744" HPOS="1043" VPOS="1949">
							<String ID="STRING84" STYLEREFS="STYLE5" HEIGHT="100" WIDTH="108" HPOS="1043" VPOS="1949" CONTENT="fra" WC="0.68" LANG="dan"/>
							<SP ID="SP73" WIDTH="50" HPOS="1151" VPOS="1949"/>
							<String ID="STRING85" STYLEREFS="STYLE5" HEIGHT="92" WIDTH="186" HPOS="1201" VPOS="1960" CONTENT="nogle" WC="0.73" LANG="dan"/>
							<SP ID="SP74" WIDTH="44" HPOS="1387" VPOS="1960"/>
							<String ID="STRING86" STYLEREFS="STYLE5" HEIGHT="94" WIDTH="268" HPOS="1431" VPOS="1958" CONTENT="plumpe" WC="0.77" LANG="dan"/>
							<SP ID="SP75" WIDTH="58" HPOS="1699" VPOS="1958"/>
							<String ID="STRING87" STYLEREFS="STYLE5" HEIGHT="98" WIDTH="444" HPOS="1757" VPOS="1955" CONTENT="Fordomme," WC="0.57" LANG="dan"/>
							<SP ID="SP76" WIDTH="74" HPOS="2201" VPOS="1955"/>
							<String ID="STRING88" STYLEREFS="STYLE5" HEIGHT="60" WIDTH="150" HPOS="2275" VPOS="1978" CONTENT="men" WC="0.86" LANG="dan"/>
							<SP ID="SP77" WIDTH="40" HPOS="2425" VPOS="1978"/>
							<String ID="STRING89" STYLEREFS="STYLE5" HEIGHT="96" WIDTH="136" HPOS="2465" VPOS="1956" CONTENT="som" WC="0.85" LANG="dan"/>
							<SP ID="SP78" WIDTH="56" HPOS="2601" VPOS="1956"/>
							<String ID="STRING90" STYLEREFS="STYLE5" HEIGHT="79" WIDTH="130" HPOS="2657" VPOS="1960" CONTENT="ikke" WC="0.88" LANG="dan"/>
						</TextLine>
						<TextLine ID="LINE13" HEIGHT="105" WIDTH="1700" HPOS="1053" VPOS="2087">
							<String ID="STRING91" STYLEREFS="STYLE5" HEIGHT="98" WIDTH="214" HPOS="1053" VPOS="2087" CONTENT="havde" WC="0.66" LANG="dan"/>
							<SP ID="SP79" WIDTH="32" HPOS="1267" VPOS="2087"/>
							<String ID="STRING92" STYLEREFS="STYLE5" HEIGHT="100" WIDTH="396" HPOS="1299" VPOS="2090" CONTENT="Kundftab," WC="0.58" LANG="dan"/>
							<SP ID="SP80" WIDTH="32" HPOS="1695" VPOS="2090"/>
							<String ID="STRING93" STYLEREFS="STYLE5" HEIGHT="80" WIDTH="132" HPOS="1727" VPOS="2091" CONTENT="ikke" WC="0.81" LANG="dan"/>
							<SP ID="SP81" WIDTH="24" HPOS="1859" VPOS="2091"/>
							<String ID="STRING94" STYLEREFS="STYLE5" HEIGHT="98" WIDTH="286" HPOS="1883" VPOS="2091" CONTENT="Indsigt" WC="0.74" LANG="dan"/>
							<SP ID="SP82" WIDTH="28" HPOS="2169" VPOS="2091"/>
							<String ID="STRING95" STYLEREFS="STYLE5" HEIGHT="98" WIDTH="150" HPOS="2197" VPOS="2094" CONTENT="nok," WC="0.92" LANG="dan"/>
							<SP ID="SP83" WIDTH="28" HPOS="2347" VPOS="2094"/>
							<String ID="STRING96" STYLEREFS="STYLE5" HEIGHT="80" WIDTH="130" HPOS="2375" VPOS="2092" CONTENT="ikke" WC="0.82" LANG="dan"/>
							<SP ID="SP84" WIDTH="16" HPOS="2505" VPOS="2092"/>
							<String ID="STRING97" STYLEREFS="STYLE5" HEIGHT="88" WIDTH="232" HPOS="2521" VPOS="2094" CONTENT="Sand" SUBS_TYPE="HypPart1" SUBS_CONTENT="Sandhedernok" WC="0.64" LANG="dan"/>
							<HYP CONTENT="-"/>
						</TextLine>
						<TextLine ID="LINE14" HEIGHT="109" WIDTH="1731" HPOS="1049" VPOS="2223">
							<String ID="STRING98" STYLEREFS="STYLE5" HEIGHT="94" WIDTH="342" HPOS="1049" VPOS="2223" CONTENT="hedernok" SUBS_TYPE="HypPart2" SUBS_CONTENT="Sandhedernok" WC="0.65" LANG="dan"/>
							<SP ID="SP85" WIDTH="30" HPOS="1391" VPOS="2223"/>
							<String ID="STRING99" STYLEREFS="STYLE5" HEIGHT="82" WIDTH="72" HPOS="1421" VPOS="2226" CONTENT="til" WC="0.64" LANG="dan"/>
							<SP ID="SP86" WIDTH="26" HPOS="1493" VPOS="2226"/>
							<String ID="STRING100" STYLEREFS="STYLE5" HEIGHT="68" WIDTH="74" HPOS="1519" VPOS="2242" CONTENT="at" WC="0.7" LANG="dan"/>
							<SP ID="SP87" WIDTH="28" HPOS="1593" VPOS="2242"/>
							<String ID="STRING101" STYLEREFS="STYLE5" HEIGHT="91" WIDTH="170" HPOS="1621" VPOS="2226" CONTENT="bøde" WC="0.78" LANG="dan"/>
							<SP ID="SP88" WIDTH="28" HPOS="1791" VPOS="2226"/>
							<String ID="STRING102" STYLEREFS="STYLE5" HEIGHT="74" WIDTH="136" HPOS="1819" VPOS="2247" CONTENT="paa" WC="0.93" LANG="dan"/>
							<SP ID="SP89" WIDTH="46" HPOS="1955" VPOS="2247"/>
							<String ID="STRING103" STYLEREFS="STYLE5" HEIGHT="82" WIDTH="105" HPOS="2001" VPOS="2231" CONTENT="det" WC="0.69" LANG="dan"/>
							<SP ID="SP90" WIDTH="21" HPOS="2106" VPOS="2231"/>
							<String ID="STRING104" STYLEREFS="STYLE5" HEIGHT="109" WIDTH="315" HPOS="2127" VPOS="2223" CONTENT="Tomme," WC="0.68" LANG="dan"/>
							<SP ID="SP91" WIDTH="55" HPOS="2442" VPOS="2223"/>
							<String ID="STRING105" STYLEREFS="STYLE5" HEIGHT="92" WIDTH="283" HPOS="2497" VPOS="2228" CONTENT="st-mved" WC="0.71" LANG="dan"/>
						</TextLine>
						<TextLine ID="LINE15" HEIGHT="108" WIDTH="1732" HPOS="1048" VPOS="2359">
							<String ID="STRING106" STYLEREFS="STYLE5" HEIGHT="108" WIDTH="542" HPOS="1048" VPOS="2359" CONTENT="Fordommenes" WC="0.7" LANG="dan"/>
							<SP ID="SP92" WIDTH="54" HPOS="1590" VPOS="2359"/>
							<String ID="STRING107" STYLEREFS="STYLE5" HEIGHT="100" WIDTH="420" HPOS="1644" VPOS="2359" CONTENT="Bortjageffe" WC="0.67" LANG="dan"/>
							<SP ID="SP93" WIDTH="54" HPOS="2064" VPOS="2359"/>
							<String ID="STRING108" STYLEREFS="STYLE5" HEIGHT="63" WIDTH="126" HPOS="2118" VPOS="2379" CONTENT="var" WC="0.76" LANG="dan"/>
							<SP ID="SP94" WIDTH="48" HPOS="2244" VPOS="2379"/>
							<String ID="STRING109" STYLEREFS="STYLE5" HEIGHT="82" WIDTH="208" HPOS="2292" VPOS="2364" CONTENT="blevet" WC="0.74" LANG="dan"/>
							<SP ID="SP95" WIDTH="44" HPOS="2500" VPOS="2364"/>
							<String ID="STRING110" STYLEREFS="STYLE5" HEIGHT="78" WIDTH="22" HPOS="2544" VPOS="2368" CONTENT="i" WC="0.64" LANG="dan"/>
							<SP ID="SP96" WIDTH="32" HPOS="2566" VPOS="2368"/>
							<String ID="STRING111" STYLEREFS="STYLE5" HEIGHT="98" WIDTH="182" HPOS="2598" VPOS="2368" CONTENT="hans" WC="0.94" LANG="dan"/>
						</TextLine>
						<TextLine ID="LINE16" HEIGHT="108" WIDTH="1736" HPOS="1044" VPOS="2495">
							<String ID="STRING112" STYLEREFS="STYLE5" HEIGHT="108" WIDTH="356" HPOS="1044" VPOS="2495" CONTENT="Forstand." WC="0.63" LANG="dan"/>
							<SP ID="SP97" WIDTH="130" HPOS="1400" VPOS="2495"/>
							<String ID="STRING113" STYLEREFS="STYLE5" HEIGHT="96" WIDTH="138" HPOS="1530" VPOS="2496" CONTENT="Thi" WC="0.5" LANG="dan"/>
							<SP ID="SP98" WIDTH="48" HPOS="1668" VPOS="2496"/>
							<String ID="STRING114" STYLEREFS="STYLE5" HEIGHT="103" WIDTH="102" HPOS="1716" VPOS="2496" CONTENT="jeg" WC="0.84" LANG="dan"/>
							<SP ID="SP99" WIDTH="58" HPOS="1818" VPOS="2496"/>
							<String ID="STRING115" STYLEREFS="STYLE5" HEIGHT="82" WIDTH="212" HPOS="1876" VPOS="2515" CONTENT="troer," WC="0.68" LANG="dan"/>
							<SP ID="SP100" WIDTH="74" HPOS="2088" VPOS="2515"/>
							<String ID="STRING116" STYLEREFS="STYLE5" HEIGHT="101" WIDTH="320" HPOS="2162" VPOS="2497" CONTENT="Naadige" WC="0.72" LANG="dan"/>
							<SP ID="SP101" WIDTH="44" HPOS="2482" VPOS="2497"/>
							<String ID="STRING117" STYLEREFS="STYLE5" HEIGHT="98" WIDTH="254" HPOS="2526" VPOS="2504" CONTENT="Herre!" WC="0.72" LANG="dan"/>
						</TextLine>
						<TextLine ID="LINE17" HEIGHT="111" WIDTH="1744" HPOS="1034" VPOS="2632">
							<String ID="STRING118" STYLEREFS="STYLE5" HEIGHT="70" WIDTH="78" HPOS="1034" VPOS="2645" CONTENT="at" WC="0.64" LANG="dan"/>
							<SP ID="SP102" WIDTH="42" HPOS="1112" VPOS="2645"/>
							<String ID="STRING119" STYLEREFS="STYLE5" HEIGHT="67" WIDTH="170" HPOS="1154" VPOS="2652" CONTENT="paar" WC="0.63" LANG="deu"/>
							<SP ID="SP103" WIDTH="40" HPOS="1324" VPOS="2652"/>
							<String ID="STRING120" STYLEREFS="STYLE5" HEIGHT="66" WIDTH="60" HPOS="1364" VPOS="2650" CONTENT="et" WC="0.67" LANG="dan"/>
							<SP ID="SP104" WIDTH="34" HPOS="1424" VPOS="2650"/>
							<String ID="STRING121" STYLEREFS="STYLE5" HEIGHT="99" WIDTH="350" HPOS="1458" VPOS="2632" CONTENT="Mennefte" WC="0.77" LANG="dan"/>
							<SP ID="SP105" WIDTH="38" HPOS="1808" VPOS="2632"/>
							<String ID="STRING122" STYLEREFS="STYLE5" HEIGHT="82" WIDTH="298" HPOS="1846" VPOS="2635" CONTENT="arbeider" WC="0.68" LANG="nob"/>
							<SP ID="SP106" WIDTH="46" HPOS="2144" VPOS="2635"/>
							<String ID="STRING123" STYLEREFS="STYLE5" HEIGHT="75" WIDTH="138" HPOS="2190" VPOS="2657" CONTENT="paa" WC="0.67" LANG="dan"/>
							<SP ID="SP107" WIDTH="44" HPOS="2328" VPOS="2657"/>
							<String ID="STRING124" STYLEREFS="STYLE5" HEIGHT="64" WIDTH="76" HPOS="2372" VPOS="2656" CONTENT="at" WC="0.58" LANG="dan"/>
							<SP ID="SP108" WIDTH="28" HPOS="2448" VPOS="2656"/>
							<String ID="STRING125" STYLEREFS="STYLE5" HEIGHT="96" WIDTH="178" HPOS="2476" VPOS="2642" CONTENT="giore" WC="0.52" LANG="dan"/>
							<SP ID="SP109" WIDTH="32" HPOS="2654" VPOS="2642"/>
							<String ID="STRING126" STYLEREFS="STYLE5" HEIGHT="97" WIDTH="92" HPOS="2686" VPOS="2646" CONTENT="sig" WC="0.72" LANG="dan"/>
						</TextLine>
						<TextLine ID="LINE18" HEIGHT="113" WIDTH="1743" HPOS="1034" VPOS="2765">
							<String ID="STRING127" STYLEREFS="STYLE5" HEIGHT="86" WIDTH="109" HPOS="1034" VPOS="2769" CONTENT="jos" WC="0.76" LANG="dan"/>
							<SP ID="SP110" WIDTH="29" HPOS="1143" VPOS="2769"/>
							<String ID="STRING128" STYLEREFS="STYLE5" HEIGHT="98" WIDTH="109" HPOS="1172" VPOS="2765" CONTENT="fra" WC="0.65" LANG="dan"/>
							<SP ID="SP111" WIDTH="33" HPOS="1281" VPOS="2765"/>
							<String ID="STRING129" STYLEREFS="STYLE5" HEIGHT="109" WIDTH="449" HPOS="1314" VPOS="2768" CONTENT="Fordomme," WC="0.48" LANG="dan"/>
							<SP ID="SP112" WIDTH="53" HPOS="1763" VPOS="2768"/>
							<String ID="STRING130" STYLEREFS="STYLE5" HEIGHT="64" WIDTH="75" HPOS="1816" VPOS="2787" CONTENT="at" WC="0.53" LANG="dan"/>
							<SP ID="SP113" WIDTH="33" HPOS="1891" VPOS="2787"/>
							<String ID="STRING131" STYLEREFS="STYLE5" HEIGHT="96" WIDTH="153" HPOS="1924" VPOS="2771" CONTENT="ftille" WC="0.63" LANG="dan"/>
							<SP ID="SP114" WIDTH="51" HPOS="2077" VPOS="2771"/>
							<String ID="STRING132" STYLEREFS="STYLE5" HEIGHT="97" WIDTH="91" HPOS="2128" VPOS="2775" CONTENT="fig" WC="0.39" LANG="dan"/>
							<SP ID="SP115" WIDTH="51" HPOS="2219" VPOS="2775"/>
							<String ID="STRING133" STYLEREFS="STYLE5" HEIGHT="82" WIDTH="123" HPOS="2270" VPOS="2782" CONTENT="ved" WC="0.64" LANG="dan"/>
							<SP ID="SP116" WIDTH="37" HPOS="2393" VPOS="2782"/>
							<String ID="STRING134" STYLEREFS="STYLE5" HEIGHT="100" WIDTH="347" HPOS="2430" VPOS="2778" CONTENT="indgroede" WC="0.77" LANG="dan"/>
						</TextLine>
						<TextLine ID="LINE19" HEIGHT="113" WIDTH="1744" HPOS="1033" VPOS="2899">
							<String ID="STRING135" STYLEREFS="STYLE5" HEIGHT="107" WIDTH="598" HPOS="1033" VPOS="2899" CONTENT="Vanesætmnger," WC="0.77" LANG="dan"/>
							<SP ID="SP117" WIDTH="60" HPOS="1631" VPOS="2899"/>
							<String ID="STRING136" STYLEREFS="STYLE5" HEIGHT="83" WIDTH="88" HPOS="1691" VPOS="2912" CONTENT="da" WC="0.28" LANG="dan"/>
							<SP ID="SP118" WIDTH="28" HPOS="1779" VPOS="2912"/>
							<String ID="STRING137" STYLEREFS="STYLE5" HEIGHT="98" WIDTH="144" HPOS="1807" VPOS="2909" CONTENT="giør" WC="0.66" LANG="dan"/>
							<SP ID="SP119" WIDTH="44" HPOS="1951" VPOS="2909"/>
							<String ID="STRING138" STYLEREFS="STYLE5" HEIGHT="94" WIDTH="134" HPOS="1995" VPOS="2909" CONTENT="han" WC="0.71" LANG="dan"/>
							<SP ID="SP120" WIDTH="34" HPOS="2129" VPOS="2909"/>
							<String ID="STRING139" STYLEREFS="STYLE5" HEIGHT="82" WIDTH="106" HPOS="2163" VPOS="2917" CONTENT="det" WC="0.61" LANG="dan"/>
							<SP ID="SP121" WIDTH="38" HPOS="2269" VPOS="2917"/>
							<String ID="STRING140" STYLEREFS="STYLE5" HEIGHT="96" WIDTH="164" HPOS="2307" VPOS="2916" CONTENT="store" WC="0.7" LANG="dan"/>
							<SP ID="SP122" WIDTH="38" HPOS="2471" VPOS="2916"/>
							<String ID="STRING141" STYLEREFS="STYLE5" HEIGHT="87" WIDTH="268" HPOS="2509" VPOS="2918" CONTENT="Skridt" WC="0.54" LANG="dan"/>
						</TextLine>
						<TextLine ID="LINE20" HEIGHT="120" WIDTH="1744" HPOS="1029" VPOS="3037">
							<String ID="STRING142" STYLEREFS="STYLE5" HEIGHT="98" WIDTH="102" HPOS="1029" VPOS="3037" CONTENT="ril," WC="0.61" LANG="dan"/>
							<SP ID="SP123" WIDTH="30" HPOS="1131" VPOS="3037"/>
							<String ID="STRING143" STYLEREFS="STYLE5" HEIGHT="68" WIDTH="188" HPOS="1161" VPOS="3056" CONTENT="enten" WC="1" LANG="dan"/>
							<SP ID="SP124" WIDTH="32" HPOS="1349" VPOS="3056"/>
							<String ID="STRING144" STYLEREFS="STYLE5" HEIGHT="72" WIDTH="72" HPOS="1381" VPOS="3058" CONTENT="ar" WC="0.62" LANG="dan"/>
							<SP ID="SP125" WIDTH="34" HPOS="1453" VPOS="3058"/>
							<String ID="STRING145" STYLEREFS="STYLE5" HEIGHT="84" WIDTH="174" HPOS="1487" VPOS="3044" CONTENT="blive" WC="0.75" LANG="dan"/>
							<SP ID="SP126" WIDTH="30" HPOS="1661" VPOS="3044"/>
							<String ID="STRING146" STYLEREFS="STYLE5" HEIGHT="99" WIDTH="168" HPOS="1691" VPOS="3044" CONTENT="klog," WC="0.75" LANG="dan"/>
							<SP ID="SP127" WIDTH="32" HPOS="1859" VPOS="3044"/>
							<String ID="STRING147" STYLEREFS="STYLE5" HEIGHT="64" WIDTH="112" HPOS="1891" VPOS="3067" CONTENT="om" WC="0.57" LANG="dan"/>
							<SP ID="SP128" WIDTH="34" HPOS="2003" VPOS="3067"/>
							<String ID="STRING148" STYLEREFS="STYLE5" HEIGHT="94" WIDTH="136" HPOS="2037" VPOS="3045" CONTENT="han" WC="0.93" LANG="dan"/>
							<SP ID="SP129" WIDTH="36" HPOS="2173" VPOS="3045"/>
							<String ID="STRING149" STYLEREFS="STYLE5" HEIGHT="100" WIDTH="190" HPOS="2209" VPOS="3050" CONTENT="tillige" WC="0.81" LANG="dan"/>
							<SP ID="SP130" WIDTH="30" HPOS="2399" VPOS="3050"/>
							<String ID="STRING150" STYLEREFS="STYLE5" HEIGHT="102" WIDTH="222" HPOS="2429" VPOS="3052" CONTENT="ftaffer" WC="0.75" LANG="dan"/>
							<SP ID="SP131" WIDTH="30" HPOS="2651" VPOS="3052"/>
							<String ID="STRING151" STYLEREFS="STYLE5" HEIGHT="97" WIDTH="92" HPOS="2681" VPOS="3060" CONTENT="sig" WC="0.69" LANG="dan"/>
						</TextLine>
						<TextLine ID="LINE21" HEIGHT="131" WIDTH="1738" HPOS="1033" VPOS="3161">
							<String ID="STRING152" STYLEREFS="STYLE5" HEIGHT="113" WIDTH="414" HPOS="1033" VPOS="3161" CONTENT="Kundftab," WC="0.52" LANG="dan"/>
							<SP ID="SP132" WIDTH="56" HPOS="1447" VPOS="3161"/>
							<String ID="STRING153" STYLEREFS="STYLE5" HEIGHT="80" WIDTH="144" HPOS="1503" VPOS="3186" CONTENT="eller" WC="0.87" LANG="dan"/>
							<SP ID="SP133" WIDTH="30" HPOS="1647" VPOS="3186"/>
							<String ID="STRING154" STYLEREFS="STYLE5" HEIGHT="81" WIDTH="68" HPOS="1677" VPOS="3180" CONTENT="til" WC="0.7" LANG="dan"/>
							<SP ID="SP134" WIDTH="40" HPOS="1745" VPOS="3180"/>
							<String ID="STRING155" STYLEREFS="STYLE5" HEIGHT="64" WIDTH="76" HPOS="1785" VPOS="3199" CONTENT="ar" WC="0.62" LANG="dan"/>
							<SP ID="SP135" WIDTH="36" HPOS="1861" VPOS="3199"/>
							<String ID="STRING156" STYLEREFS="STYLE5" HEIGHT="84" WIDTH="166" HPOS="1897" VPOS="3183" CONTENT="blive" WC="0.68" LANG="dan"/>
							<SP ID="SP136" WIDTH="30" HPOS="2063" VPOS="3183"/>
							<String ID="STRING157" STYLEREFS="STYLE5" HEIGHT="64" WIDTH="116" HPOS="2093" VPOS="3205" CONTENT="ver" WC="0.49" LANG="dan"/>
							<SP ID="SP137" WIDTH="28" HPOS="2209" VPOS="3205"/>
							<String ID="STRING158" STYLEREFS="STYLE5" HEIGHT="82" WIDTH="24" HPOS="2237" VPOS="3186" CONTENT="i" WC="0.4" LANG="dan"/>
							<SP ID="SP138" WIDTH="28" HPOS="2261" VPOS="3186"/>
							<String ID="STRING159" STYLEREFS="STYLE5" HEIGHT="104" WIDTH="335" HPOS="2289" VPOS="3188" CONTENT="Høveder," WC="0.62" LANG="dan"/>
							<SP ID="SP139" WIDTH="35" HPOS="2624" VPOS="3188"/>
							<String ID="STRING160" STYLEREFS="STYLE5" HEIGHT="61" WIDTH="112" HPOS="2659" VPOS="3216" CONTENT="om" WC="0.58" LANG="dan"/>
						</TextLine>
						<TextLine ID="LINE22" HEIGHT="132" WIDTH="1734" HPOS="1030" VPOS="3295">
							<String ID="STRING161" STYLEREFS="STYLE5" HEIGHT="96" WIDTH="136" HPOS="1030" VPOS="3295" CONTENT="han" WC="0.79" LANG="dan"/>
							<SP ID="SP140" WIDTH="28" HPOS="1166" VPOS="3295"/>
							<String ID="STRING162" STYLEREFS="STYLE5" HEIGHT="85" WIDTH="180" HPOS="1194" VPOS="3301" CONTENT="lader" WC="0.72" LANG="dan"/>
							<SP ID="SP141" WIDTH="24" HPOS="1374" VPOS="3301"/>
							<String ID="STRING163" STYLEREFS="STYLE5" HEIGHT="78" WIDTH="100" HPOS="1398" VPOS="3316" CONTENT="det" WC="0.38" LANG="dan"/>
							<SP ID="SP142" WIDTH="36" HPOS="1498" VPOS="3316"/>
							<String ID="STRING164" STYLEREFS="STYLE5" HEIGHT="80" WIDTH="184" HPOS="1534" VPOS="3316" CONTENT="beroe" WC="0.67" LANG="dan"/>
							<SP ID="SP143" WIDTH="34" HPOS="1718" VPOS="3316"/>
							<String ID="STRING165" STYLEREFS="STYLE5" HEIGHT="78" WIDTH="154" HPOS="1752" VPOS="3325" CONTENT="med" WC="0.7" LANG="dan"/>
							<SP ID="SP144" WIDTH="16" HPOS="1906" VPOS="3325"/>
							<String ID="STRING166" STYLEREFS="STYLE5" HEIGHT="102" WIDTH="458" HPOS="1922" VPOS="3319" CONTENT="Forstandens" WC="0.7" LANG="dan"/>
							<SP ID="SP145" WIDTH="32" HPOS="2380" VPOS="3319"/>
							<String ID="STRING167" STYLEREFS="STYLE5" HEIGHT="99" WIDTH="352" HPOS="2412" VPOS="3328" CONTENT="Dyrkelse." WC="0.74" LANG="dan"/>
						</TextLine>
						<TextLine ID="LINE23" HEIGHT="148" WIDTH="1732" HPOS="1026" VPOS="3429">
							<String ID="STRING168" STYLEREFS="STYLE5" HEIGHT="88" WIDTH="186" HPOS="1026" VPOS="3429" CONTENT="Saa" WC="0.75" LANG="dan"/>
							<SP ID="SP146" WIDTH="30" HPOS="1212" VPOS="3429"/>
							<String ID="STRING169" STYLEREFS="STYLE5" HEIGHT="86" WIDTH="188" HPOS="1242" VPOS="3440" CONTENT="mildt" WC="0.66" LANG="dan"/>
							<SP ID="SP147" WIDTH="34" HPOS="1430" VPOS="3440"/>
							<String ID="STRING170" STYLEREFS="STYLE5" HEIGHT="86" WIDTH="244" HPOS="1464" VPOS="3444" CONTENT="cænkde" WC="0.75" LANG="dan"/>
							<SP ID="SP148" WIDTH="32" HPOS="1708" VPOS="3444"/>
							<String ID="STRING171" STYLEREFS="STYLE5" HEIGHT="102" WIDTH="104" HPOS="1740" VPOS="3449" CONTENT="jeg" WC="0.62" LANG="dan"/>
							<SP ID="SP149" WIDTH="46" HPOS="1844" VPOS="3449"/>
							<String ID="STRING172" STYLEREFS="STYLE5" HEIGHT="64" WIDTH="110" HPOS="1890" VPOS="3477" CONTENT="om" WC="0.44" LANG="dan"/>
							<SP ID="SP150" WIDTH="48" HPOS="2000" VPOS="3477"/>
							<String ID="STRING173" STYLEREFS="STYLE5" HEIGHT="100" WIDTH="158" HPOS="2048" VPOS="3459" CONTENT="ham" WC="0.76" LANG="dan"/>
							<SP ID="SP151" WIDTH="30" HPOS="2206" VPOS="3459"/>
							<String ID="STRING174" STYLEREFS="STYLE6" HEIGHT="78" WIDTH="20" HPOS="2236" VPOS="3464" CONTENT="i" WC="1" LANG="dan"/>
							<SP ID="SP152" WIDTH="34" HPOS="2256" VPOS="3464"/>
							<String ID="STRING175" STYLEREFS="STYLE5" HEIGHT="115" WIDTH="468" HPOS="2290" VPOS="3462" CONTENT="Førstningen," WC="0.7" LANG="dan"/>
						</TextLine>
					</TextBlock>
					<TextBlock xs:type="TextBlockType" ID="ZONE1070184" HEIGHT="60" WIDTH="152" HPOS="2500" VPOS="3622" xlink:type="simple">
						<TextLine ID="LINE24" HEIGHT="60" WIDTH="152" HPOS="2500" VPOS="3622">
							<String ID="STRING176" STYLEREFS="STYLE5" HEIGHT="60" WIDTH="152" HPOS="2500" VPOS="3622" CONTENT="men" WC="0.85" LANG="dan"/>
						</TextLine>
					</TextBlock>
				</ComposedBlock>
			</PrintSpace>
		</Page>
	</Layout>
</alto>
