<?xml version="1.0" encoding="utf-8"?>
<alto xmlns="http://www.loc.gov/standards/alto/ns-v3#" xmlns:xs="http://www.w3.org/2001/XMLSchema-instance" xmlns:xlink="http://www.w3.org/1999/xlink">
	<Description>
		<MeasurementUnit>pixel</MeasurementUnit>
		<sourceImageInformation>
			<fileName>130017168313_1_002_001_005.tif</fileName>
		</sourceImageInformation>
		<OCRProcessing ID="OCR1">
			<ocrProcessingStep>
				<processingDateTime>2018-08-31</processingDateTime>
				<processingAgency>Zissor AS</processingAgency>
				<processingStepSettings>Combined OCR</processingStepSettings>
				<processingSoftware>
					<softwareCreator>Zissor AS</softwareCreator>
					<softwareName>ContentOCR-11; ContentOCR-Tesseract</softwareName>
					<softwareVersion>2.0.2; 2.0.0</softwareVersion>
					<applicationDescription>OCR Component for Zissor Content System</applicationDescription>
				</processingSoftware>
			</ocrProcessingStep>
			<postProcessingStep>
				<processingDateTime>2018-08-31</processingDateTime>
				<processingAgency>Zissor AS</processingAgency>
				<processingStepSettings>KB-bok1</processingStepSettings>
				<processingSoftware>
					<softwareCreator>Zissor AS</softwareCreator>
					<softwareName>MediaArticleAnalyzer</softwareName>
					<softwareVersion>2.0.0</softwareVersion>
					<applicationDescription>Segmentation Component for Zissor Content System</applicationDescription>
				</processingSoftware>
			</postProcessingStep>
		</OCRProcessing>
	</Description>
	<Styles>
		<TextStyle ID="STYLE1" FONTFAMILY="Times New Roman" FONTSIZE="12" FONTSTYLE="bold italics"/>
		<TextStyle ID="STYLE2" FONTFAMILY="Times New Roman" FONTSIZE="14" FONTSTYLE=""/>
		<TextStyle ID="STYLE3" FONTFAMILY="Times New Roman" FONTSIZE="10.5" FONTSTYLE="bold"/>
		<TextStyle ID="STYLE4" FONTFAMILY="Times New Roman" FONTSIZE="16" FONTSTYLE="bold"/>
		<TextStyle ID="STYLE5" FONTFAMILY="Times New Roman" FONTSIZE="11.5" FONTSTYLE="bold"/>
		<TextStyle ID="STYLE6" FONTFAMILY="Times New Roman" FONTSIZE="19" FONTSTYLE="bold italics"/>
		<TextStyle ID="STYLE7" FONTFAMILY="Times New Roman" FONTSIZE="13" FONTSTYLE="bold"/>
	</Styles>
	<Layout>
		<Page ID="PAGE5" HEIGHT="4624" WIDTH="3040" PHYSICAL_IMG_NR="5" PROCESSING="OCR1" PC="0.74">
			<TopMargin HEIGHT="423" WIDTH="3040" HPOS="0" VPOS="0"/>
			<LeftMargin HEIGHT="3315" WIDTH="166" HPOS="0" VPOS="423"/>
			<RightMargin HEIGHT="3315" WIDTH="1099" HPOS="1941" VPOS="423"/>
			<BottomMargin HEIGHT="884" WIDTH="3040" HPOS="0" VPOS="3740"/>
			<PrintSpace ID="PRINTSPACE1" HEIGHT="3315" WIDTH="1773" HPOS="167" VPOS="424">
				<ComposedBlock xs:type="ComposedBlockType" ID="ARTICLE102114" HEIGHT="3315" WIDTH="1773" HPOS="167" VPOS="424" xlink:type="simple">
					<TextBlock xs:type="TextBlockType" ID="ZONE1070179" HEIGHT="72" WIDTH="41" HPOS="1731" VPOS="424" xlink:type="simple">
						<TextLine ID="LINE1" HEIGHT="72" WIDTH="41" HPOS="1731" VPOS="424">
							<String ID="STRING1" STYLEREFS="STYLE1" HEIGHT="72" WIDTH="41" HPOS="1731" VPOS="424" CONTENT="§" WC="0.34" LANG="nob"/>
						</TextLine>
					</TextBlock>
					<TextBlock xs:type="TextBlockType" ID="ZONE1070180" HEIGHT="942" WIDTH="1729" HPOS="171" VPOS="576" xlink:type="simple">
						<TextLine ID="LINE2" HEIGHT="129" WIDTH="1690" HPOS="184" VPOS="579">
							<String ID="STRING2" STYLEREFS="STYLE2" HEIGHT="78" WIDTH="79" HPOS="184" VPOS="630" CONTENT="ge" WC="0.64" LANG="deu"/>
							<SP ID="SP1" WIDTH="25" HPOS="263" VPOS="630"/>
							<String ID="STRING3" STYLEREFS="STYLE2" HEIGHT="84" WIDTH="135" HPOS="288" VPOS="604" CONTENT="min" WC="0.54" LANG="deu"/>
							<SP ID="SP2" WIDTH="29" HPOS="423" VPOS="604"/>
							<String ID="STRING4" STYLEREFS="STYLE2" HEIGHT="83" WIDTH="227" HPOS="452" VPOS="602" CONTENT="Mand" WC="0.55" LANG="dan"/>
							<SP ID="SP3" WIDTH="42" HPOS="679" VPOS="602"/>
							<String ID="STRING5" STYLEREFS="STYLE2" HEIGHT="96" WIDTH="282" HPOS="721" VPOS="595" CONTENT="behøver" WC="0.6" LANG="dan"/>
							<SP ID="SP4" WIDTH="22" HPOS="1003" VPOS="595"/>
							<String ID="STRING6" STYLEREFS="STYLE2" HEIGHT="101" WIDTH="100" HPOS="1025" VPOS="588" CONTENT="jeg" WC="0.84" LANG="dan"/>
							<SP ID="SP5" WIDTH="40" HPOS="1125" VPOS="588"/>
							<String ID="STRING7" STYLEREFS="STYLE2" HEIGHT="82" WIDTH="133" HPOS="1165" VPOS="585" CONTENT="ikke" WC="0.87" LANG="dan"/>
							<SP ID="SP6" WIDTH="32" HPOS="1298" VPOS="585"/>
							<String ID="STRING8" STYLEREFS="STYLE2" HEIGHT="68" WIDTH="72" HPOS="1330" VPOS="597" CONTENT="at" WC="0.69" LANG="dan"/>
							<SP ID="SP7" WIDTH="30" HPOS="1402" VPOS="597"/>
							<String ID="STRING9" STYLEREFS="STYLE2" HEIGHT="83" WIDTH="166" HPOS="1432" VPOS="599" CONTENT="gaae" WC="0.83" LANG="dan"/>
							<SP ID="SP8" WIDTH="42" HPOS="1598" VPOS="599"/>
							<String ID="STRING10" STYLEREFS="STYLE2" HEIGHT="81" WIDTH="234" HPOS="1640" VPOS="579" CONTENT="videre." WC="0.65" LANG="dan"/>
						</TextLine>
						<TextLine ID="LINE3" HEIGHT="132" WIDTH="1699" HPOS="185" VPOS="717">
							<String ID="STRING11" STYLEREFS="STYLE2" HEIGHT="103" WIDTH="170" HPOS="185" VPOS="746" CONTENT="Han" WC="0.59" LANG="dan"/>
							<SP ID="SP9" WIDTH="22" HPOS="355" VPOS="746"/>
							<String ID="STRING12" STYLEREFS="STYLE2" HEIGHT="91" WIDTH="116" HPOS="377" VPOS="744" CONTENT="seer" WC="0.64" LANG="dan"/>
							<SP ID="SP10" WIDTH="14" HPOS="493" VPOS="744"/>
							<String ID="STRING13" STYLEREFS="STYLE2" HEIGHT="80" WIDTH="128" HPOS="507" VPOS="740" CONTENT="kun" WC="1" LANG="dan"/>
							<SP ID="SP11" WIDTH="19" HPOS="635" VPOS="740"/>
							<String ID="STRING14" STYLEREFS="STYLE2" HEIGHT="77" WIDTH="135" HPOS="654" VPOS="758" CONTENT="paa" WC="1" LANG="dan"/>
							<SP ID="SP12" WIDTH="36" HPOS="789" VPOS="758"/>
							<String ID="STRING15" STYLEREFS="STYLE2" HEIGHT="86" WIDTH="299" HPOS="825" VPOS="732" CONTENT="Skallen" WC="0.92" LANG="dan"/>
							<SP ID="SP13" WIDTH="52" HPOS="1124" VPOS="732"/>
							<String ID="STRING16" STYLEREFS="STYLE2" HEIGHT="77" WIDTH="81" HPOS="1176" VPOS="750" CONTENT="og" WC="0.56" LANG="dan"/>
							<SP ID="SP14" WIDTH="42" HPOS="1257" VPOS="750"/>
							<String ID="STRING17" STYLEREFS="STYLE2" HEIGHT="98" WIDTH="335" HPOS="1299" VPOS="724" CONTENT="Tingenes" WC="0.81" LANG="dan"/>
							<SP ID="SP15" WIDTH="25" HPOS="1634" VPOS="724"/>
							<String ID="STRING18" STYLEREFS="STYLE2" HEIGHT="83" WIDTH="225" HPOS="1659" VPOS="717" CONTENT="Over«" WC="0.79" LANG="dan"/>
						</TextLine>
						<TextLine ID="LINE4" HEIGHT="127" WIDTH="1696" HPOS="188" VPOS="853">
							<String ID="STRING19" STYLEREFS="STYLE2" HEIGHT="93" WIDTH="205" HPOS="188" VPOS="887" CONTENT="flade;" WC="0.51" LANG="dan"/>
							<SP ID="SP16" WIDTH="51" HPOS="393" VPOS="887"/>
							<String ID="STRING20" STYLEREFS="STYLE2" HEIGHT="77" WIDTH="101" HPOS="444" VPOS="887" CONTENT="det" WC="0.58" LANG="dan"/>
							<SP ID="SP17" WIDTH="27" HPOS="545" VPOS="887"/>
							<String ID="STRING21" STYLEREFS="STYLE2" HEIGHT="78" WIDTH="85" HPOS="572" VPOS="878" CONTENT="vil" WC="0.89" LANG="dan"/>
							<SP ID="SP18" WIDTH="30" HPOS="657" VPOS="878"/>
							<String ID="STRING22" STYLEREFS="STYLE2" HEIGHT="95" WIDTH="214" HPOS="687" VPOS="872" CONTENT="derfor" WC="0.47" LANG="dan"/>
							<SP ID="SP19" WIDTH="30" HPOS="901" VPOS="872"/>
							<String ID="STRING23" STYLEREFS="STYLE2" HEIGHT="77" WIDTH="23" HPOS="931" VPOS="872" CONTENT="i" WC="0.58" LANG="dan"/>
							<SP ID="SP20" WIDTH="29" HPOS="954" VPOS="872"/>
							<String ID="STRING24" STYLEREFS="STYLE2" HEIGHT="97" WIDTH="145" HPOS="983" VPOS="868" CONTENT="disse" WC="0.83" LANG="dan"/>
							<SP ID="SP21" WIDTH="29" HPOS="1128" VPOS="868"/>
							<String ID="STRING25" STYLEREFS="STYLE2" HEIGHT="89" WIDTH="204" HPOS="1157" VPOS="865" CONTENT="Linier" WC="0.71" LANG="dan"/>
							<SP ID="SP22" WIDTH="28" HPOS="1361" VPOS="865"/>
							<String ID="STRING26" STYLEREFS="STYLE2" HEIGHT="80" WIDTH="133" HPOS="1389" VPOS="865" CONTENT="kun" WC="0.84" LANG="dan"/>
							<SP ID="SP23" WIDTH="33" HPOS="1522" VPOS="865"/>
							<String ID="STRING27" STYLEREFS="STYLE2" HEIGHT="82" WIDTH="169" HPOS="1555" VPOS="856" CONTENT="blive" WC="0.82" LANG="dan"/>
							<SP ID="SP24" WIDTH="31" HPOS="1724" VPOS="856"/>
							<String ID="STRING28" STYLEREFS="STYLE2" HEIGHT="80" WIDTH="129" HPOS="1755" VPOS="853" CONTENT="mit" WC="0.43" LANG="dan"/>
						</TextLine>
						<TextLine ID="LINE5" HEIGHT="118" WIDTH="1710" HPOS="179" VPOS="989">
							<String ID="STRING29" STYLEREFS="STYLE2" HEIGHT="85" WIDTH="310" HPOS="179" VPOS="1018" CONTENT="Øiemeed" WC="0.81" LANG="dan"/>
							<SP ID="SP25" WIDTH="45" HPOS="489" VPOS="1018"/>
							<String ID="STRING30" STYLEREFS="STYLE2" HEIGHT="62" WIDTH="73" HPOS="534" VPOS="1033" CONTENT="at" WC="0.63" LANG="dan"/>
							<SP ID="SP26" WIDTH="45" HPOS="607" VPOS="1033"/>
							<String ID="STRING31" STYLEREFS="STYLE2" HEIGHT="98" WIDTH="348" HPOS="652" VPOS="1009" CONTENT="undersøge" WC="0.74" LANG="dan"/>
							<SP ID="SP27" WIDTH="38" HPOS="1000" VPOS="1009"/>
							<String ID="STRING32" STYLEREFS="STYLE2" HEIGHT="59" WIDTH="110" HPOS="1038" VPOS="1028" CONTENT="om" WC="0.63" LANG="dan"/>
							<SP ID="SP28" WIDTH="41" HPOS="1148" VPOS="1028"/>
							<String ID="STRING33" STYLEREFS="STYLE2" HEIGHT="94" WIDTH="137" HPOS="1189" VPOS="1006" CONTENT="han" WC="0.83" LANG="dan"/>
							<SP ID="SP29" WIDTH="57" HPOS="1326" VPOS="1006"/>
							<String ID="STRING34" STYLEREFS="STYLE2" HEIGHT="78" WIDTH="111" HPOS="1383" VPOS="1009" CONTENT="der" WC="0.62" LANG="dan"/>
							<SP ID="SP30" WIDTH="31" HPOS="1494" VPOS="1009"/>
							<String ID="STRING35" STYLEREFS="STYLE2" HEIGHT="96" WIDTH="125" HPOS="1525" VPOS="995" CONTENT="seer" WC="0.92" LANG="dan"/>
							<SP ID="SP31" WIDTH="43" HPOS="1650" VPOS="995"/>
							<String ID="STRING36" STYLEREFS="STYLE2" HEIGHT="98" WIDTH="196" HPOS="1693" VPOS="989" CONTENT="rigtig" WC="0.56" LANG="dan"/>
						</TextLine>
						<TextLine ID="LINE6" HEIGHT="123" WIDTH="1714" HPOS="180" VPOS="1121">
							<String ID="STRING37" STYLEREFS="STYLE2" HEIGHT="74" WIDTH="141" HPOS="180" VPOS="1164" CONTENT="eller" WC="0.84" LANG="dan"/>
							<SP ID="SP32" WIDTH="26" HPOS="321" VPOS="1164"/>
							<String ID="STRING38" STYLEREFS="STYLE2" HEIGHT="83" WIDTH="146" HPOS="347" VPOS="1153" CONTENT="ikke." WC="0.69" LANG="dan"/>
							<SP ID="SP33" WIDTH="100" HPOS="493" VPOS="1153"/>
							<String ID="STRING39" STYLEREFS="STYLE2" HEIGHT="80" WIDTH="177" HPOS="593" VPOS="1151" CONTENT="Men" WC="0.76" LANG="dan"/>
							<SP ID="SP34" WIDTH="43" HPOS="770" VPOS="1151"/>
							<String ID="STRING40" STYLEREFS="STYLE2" HEIGHT="97" WIDTH="102" HPOS="813" VPOS="1147" CONTENT="jeg" WC="0.77" LANG="dan"/>
							<SP ID="SP35" WIDTH="51" HPOS="915" VPOS="1147"/>
							<String ID="STRING41" STYLEREFS="STYLE2" HEIGHT="66" WIDTH="170" HPOS="966" VPOS="1161" CONTENT="troer" WC="0.59" LANG="dan"/>
							<SP ID="SP36" WIDTH="48" HPOS="1136" VPOS="1161"/>
							<String ID="STRING42" STYLEREFS="STYLE2" HEIGHT="64" WIDTH="70" HPOS="1184" VPOS="1160" CONTENT="at" WC="0.72" LANG="dan"/>
							<SP ID="SP37" WIDTH="45" HPOS="1254" VPOS="1160"/>
							<String ID="STRING43" STYLEREFS="STYLE2" HEIGHT="96" WIDTH="100" HPOS="1299" VPOS="1141" CONTENT="jeg" WC="0.7" LANG="dan"/>
							<SP ID="SP38" WIDTH="46" HPOS="1399" VPOS="1141"/>
							<String ID="STRING44" STYLEREFS="STYLE2" HEIGHT="88" WIDTH="121" HPOS="1445" VPOS="1140" CONTENT="har" WC="0.67" LANG="dan"/>
							<SP ID="SP39" WIDTH="31" HPOS="1566" VPOS="1140"/>
							<String ID="STRING45" STYLEREFS="STYLE2" HEIGHT="97" WIDTH="141" HPOS="1597" VPOS="1132" CONTENT="sagt" WC="0.68" LANG="dan"/>
							<SP ID="SP40" WIDTH="25" HPOS="1738" VPOS="1132"/>
							<String ID="STRING46" STYLEREFS="STYLE2" HEIGHT="86" WIDTH="131" HPOS="1763" VPOS="1121" CONTENT="nok" WC="0.75" LANG="dan"/>
						</TextLine>
						<TextLine ID="LINE7" HEIGHT="124" WIDTH="1715" HPOS="183" VPOS="1257">
							<String ID="STRING47" STYLEREFS="STYLE2" HEIGHT="84" WIDTH="71" HPOS="183" VPOS="1288" CONTENT="til" WC="0.79" LANG="dan"/>
							<SP ID="SP41" WIDTH="54" HPOS="254" VPOS="1288"/>
							<String ID="STRING48" STYLEREFS="STYLE2" HEIGHT="64" WIDTH="70" HPOS="308" VPOS="1302" CONTENT="at" WC="0.67" LANG="dan"/>
							<SP ID="SP42" WIDTH="41" HPOS="378" VPOS="1302"/>
							<String ID="STRING49" STYLEREFS="STYLE2" HEIGHT="98" WIDTH="205" HPOS="419" VPOS="1283" CONTENT="haabe" WC="0.86" LANG="dan"/>
							<SP ID="SP43" WIDTH="45" HPOS="624" VPOS="1283"/>
							<String ID="STRING50" STYLEREFS="STYLE2" HEIGHT="84" WIDTH="245" HPOS="669" VPOS="1280" CONTENT="Deres" WC="0.79" LANG="dan"/>
							<SP ID="SP44" WIDTH="57" HPOS="914" VPOS="1280"/>
							<String ID="STRING51" STYLEREFS="STYLE3" HEIGHT="67" WIDTH="567" HPOS="971" VPOS="1279" CONTENT="Excellences" WC="0.49" LANG="dan"/>
							<SP ID="SP45" WIDTH="75" HPOS="1538" VPOS="1279"/>
							<String ID="STRING52" STYLEREFS="STYLE2" HEIGHT="98" WIDTH="285" HPOS="1613" VPOS="1257" CONTENT="naadige" WC="0.68" LANG="dan"/>
						</TextLine>
						<TextLine ID="LINE8" HEIGHT="117" WIDTH="1655" HPOS="185" VPOS="1396">
							<String ID="STRING53" STYLEREFS="STYLE2" HEIGHT="96" WIDTH="431" HPOS="185" VPOS="1417" CONTENT="Overbæresse" WC="0.6" LANG="dan"/>
							<SP ID="SP46" WIDTH="35" HPOS="616" VPOS="1417"/>
							<String ID="STRING54" STYLEREFS="STYLE2" HEIGHT="78" WIDTH="145" HPOS="651" VPOS="1420" CONTENT="med" WC="0.67" LANG="dan"/>
							<SP ID="SP47" WIDTH="33" HPOS="796" VPOS="1420"/>
							<String ID="STRING55" STYLEREFS="STYLE2" HEIGHT="80" WIDTH="165" HPOS="829" VPOS="1419" CONTENT="dette" WC="0.74" LANG="dan"/>
							<SP ID="SP48" WIDTH="15" HPOS="994" VPOS="1419"/>
							<String ID="STRING56" STYLEREFS="STYLE2" HEIGHT="82" WIDTH="119" HPOS="1009" VPOS="1410" CONTENT="mit" WC="0.62" LANG="dan"/>
							<SP ID="SP49" WIDTH="33" HPOS="1128" VPOS="1410"/>
							<String ID="STRING57" STYLEREFS="STYLE2" HEIGHT="99" WIDTH="423" HPOS="1161" VPOS="1404" CONTENT="ufuldkomne" WC="0.7" LANG="dan"/>
							<SP ID="SP50" WIDTH="13" HPOS="1584" VPOS="1404"/>
							<String ID="STRING58" STYLEREFS="STYLE2" HEIGHT="87" WIDTH="243" HPOS="1597" VPOS="1396" CONTENT="Svar." WC="0.49" LANG="dan"/>
						</TextLine>
					</TextBlock>
					<TextBlock xs:type="TextBlockType" ID="ZONE1070181" HEIGHT="2083" WIDTH="1773" HPOS="167" VPOS="1656" xlink:type="simple">
						<TextLine ID="LINE9" HEIGHT="137" WIDTH="1569" HPOS="335" VPOS="1658">
							<String ID="STRING59" STYLEREFS="STYLE2" HEIGHT="99" WIDTH="139" HPOS="335" VPOS="1696" CONTENT="Jeg" WC="0.87" LANG="dan"/>
							<SP ID="SP51" WIDTH="41" HPOS="474" VPOS="1696"/>
							<String ID="STRING60" STYLEREFS="STYLE2" HEIGHT="93" WIDTH="119" HPOS="515" VPOS="1696" CONTENT="har" WC="0.59" LANG="dan"/>
							<SP ID="SP52" WIDTH="41" HPOS="634" VPOS="1696"/>
							<String ID="STRING61" STYLEREFS="STYLE2" HEIGHT="78" WIDTH="85" HPOS="675" VPOS="1699" CONTENT="da" WC="0.77" LANG="dan"/>
							<SP ID="SP53" WIDTH="37" HPOS="760" VPOS="1699"/>
							<String ID="STRING62" STYLEREFS="STYLE2" HEIGHT="95" WIDTH="129" HPOS="797" VPOS="1691" CONTENT="læst" WC="0.7" LANG="dan"/>
							<SP ID="SP54" WIDTH="39" HPOS="926" VPOS="1691"/>
							<String ID="STRING63" STYLEREFS="STYLE2" HEIGHT="78" WIDTH="171" HPOS="965" VPOS="1693" CONTENT="dette" WC="0.75" LANG="dan"/>
							<SP ID="SP55" WIDTH="31" HPOS="1136" VPOS="1693"/>
							<String ID="STRING64" STYLEREFS="STYLE2" HEIGHT="95" WIDTH="243" HPOS="1167" VPOS="1680" CONTENT="Skrisr" WC="0.64" LANG="dan"/>
							<SP ID="SP56" WIDTH="25" HPOS="1410" VPOS="1680"/>
							<String ID="STRING65" STYLEREFS="STYLE2" HEIGHT="22" WIDTH="115" HPOS="1435" VPOS="1717" CONTENT="—" WC="1" LANG="dan"/>
							<SP ID="SP57" WIDTH="51" HPOS="1550" VPOS="1717"/>
							<String ID="STRING66" STYLEREFS="STYLE4" HEIGHT="127" WIDTH="303" HPOS="1601" VPOS="1658" CONTENT="Phil0&lt;" WC="0.38" LANG="dan"/>
						</TextLine>
						<TextLine ID="LINE10" HEIGHT="133" WIDTH="1721" HPOS="187" VPOS="1805">
							<String ID="STRING67" STYLEREFS="STYLE4" HEIGHT="114" WIDTH="649" HPOS="187" VPOS="1824" CONTENT="patretastrende" WC="0.51" LANG="dan"/>
							<SP ID="SP58" WIDTH="29" HPOS="836" VPOS="1824"/>
							<String ID="STRING68" STYLEREFS="STYLE4" HEIGHT="109" WIDTH="685" HPOS="865" VPOS="1816" CONTENT="Anmerkninger:" WC="0.58" LANG="nob"/>
							<SP ID="SP59" WIDTH="67" HPOS="1550" VPOS="1816"/>
							<String ID="STRING69" STYLEREFS="STYLE4" HEIGHT="104" WIDTH="291" HPOS="1617" VPOS="1805" CONTENT="i.Om" WC="0.5" LANG="dan"/>
						</TextLine>
						<TextLine ID="LINE11" HEIGHT="123" WIDTH="1695" HPOS="191" VPOS="1944">
							<String ID="STRING70" STYLEREFS="STYLE4" HEIGHT="86" WIDTH="93" HPOS="191" VPOS="1970" CONTENT="de" WC="0.34" LANG="dan"/>
							<SP ID="SP60" WIDTH="47" HPOS="284" VPOS="1970"/>
							<String ID="STRING71" STYLEREFS="STYLE4" HEIGHT="97" WIDTH="185" HPOS="331" VPOS="1970" CONTENT="dyre" WC="0.43" LANG="dan"/>
							<SP ID="SP61" WIDTH="37" HPOS="516" VPOS="1970"/>
							<String ID="STRING72" STYLEREFS="STYLE4" HEIGHT="108" WIDTH="299" HPOS="553" VPOS="1959" CONTENT="Tider," WC="0.74" LANG="dan"/>
							<SP ID="SP62" WIDTH="87" HPOS="852" VPOS="1959"/>
							<String ID="STRING73" STYLEREFS="STYLE4" HEIGHT="85" WIDTH="97" HPOS="939" VPOS="1977" CONTENT="og" WC="0.56" LANG="dan"/>
							<SP ID="SP63" WIDTH="63" HPOS="1036" VPOS="1977"/>
							<String ID="STRING74" STYLEREFS="STYLE4" HEIGHT="111" WIDTH="477" HPOS="1099" VPOS="1951" CONTENT="Handelens" WC="0.66" LANG="dan"/>
							<SP ID="SP64" WIDTH="41" HPOS="1576" VPOS="1951"/>
							<String ID="STRING75" STYLEREFS="STYLE4" HEIGHT="106" WIDTH="269" HPOS="1617" VPOS="1944" CONTENT="Svag" SUBS_TYPE="HypPart1" SUBS_CONTENT="Svaghed." WC="0.53" LANG="dan"/>
							<HYP CONTENT="-"/>
						</TextLine>
						<TextLine ID="LINE12" HEIGHT="129" WIDTH="1685" HPOS="197" VPOS="2079">
							<String ID="STRING76" STYLEREFS="STYLE4" HEIGHT="104" WIDTH="167" HPOS="197" VPOS="2104" CONTENT="hed." SUBS_TYPE="HypPart2" SUBS_CONTENT="Svaghed." WC="0.43" LANG="dan"/>
							<SP ID="SP65" WIDTH="67" HPOS="364" VPOS="2104"/>
							<String ID="STRING77" STYLEREFS="STYLE5" HEIGHT="65" WIDTH="73" HPOS="431" VPOS="2123" CONTENT="2." WC="0.84" LANG="dan"/>
							<SP ID="SP66" WIDTH="23" HPOS="504" VPOS="2123"/>
							<String ID="STRING78" STYLEREFS="STYLE4" HEIGHT="100" WIDTH="181" HPOS="527" VPOS="2100" CONTENT="Om" WC="0.25" LANG="dan"/>
							<SP ID="SP67" WIDTH="35" HPOS="708" VPOS="2100"/>
							<String ID="STRING79" STYLEREFS="STYLE4" HEIGHT="106" WIDTH="533" HPOS="743" VPOS="2095" CONTENT="Rettergang," WC="0.58" LANG="dan"/>
							<SP ID="SP68" WIDTH="45" HPOS="1276" VPOS="2095"/>
							<String ID="STRING80" STYLEREFS="STYLE4" HEIGHT="88" WIDTH="79" HPOS="1321" VPOS="2112" CONTENT="z." WC="0.93" LANG="dan"/>
							<SP ID="SP69" WIDTH="29" HPOS="1400" VPOS="2112"/>
							<String ID="STRING81" STYLEREFS="STYLE4" HEIGHT="102" WIDTH="183" HPOS="1429" VPOS="2089" CONTENT="Om" WC="0.57" LANG="dan"/>
							<SP ID="SP70" WIDTH="31" HPOS="1612" VPOS="2089"/>
							<String ID="STRING82" STYLEREFS="STYLE4" HEIGHT="101" WIDTH="239" HPOS="1643" VPOS="2079" CONTENT="Geist" SUBS_TYPE="HypPart1" SUBS_CONTENT="Geistlighedens" WC="0.5" LANG="dan"/>
							<HYP CONTENT="-"/>
						</TextLine>
						<TextLine ID="LINE13" HEIGHT="125" WIDTH="1723" HPOS="195" VPOS="2226">
							<String ID="STRING83" STYLEREFS="STYLE4" HEIGHT="108" WIDTH="403" HPOS="195" VPOS="2243" CONTENT="lighedens" SUBS_TYPE="HypPart2" SUBS_CONTENT="Geistlighedens" WC="0.47" LANG="dan"/>
							<SP ID="SP71" WIDTH="75" HPOS="598" VPOS="2243"/>
							<String ID="STRING84" STYLEREFS="STYLE4" HEIGHT="114" WIDTH="551" HPOS="673" VPOS="2228" CONTENT="Indkomster." WC="0.47" LANG="dan"/>
							<SP ID="SP72" WIDTH="143" HPOS="1224" VPOS="2228"/>
							<String ID="STRING85" STYLEREFS="STYLE2" HEIGHT="95" WIDTH="333" HPOS="1367" VPOS="2230" CONTENT="Kortelig:" WC="0.64" LANG="dan"/>
							<SP ID="SP73" WIDTH="61" HPOS="1700" VPOS="2230"/>
							<String ID="STRING86" STYLEREFS="STYLE2" HEIGHT="85" WIDTH="157" HPOS="1761" VPOS="2226" CONTENT="Om" WC="0.5" LANG="dan"/>
						</TextLine>
						<TextLine ID="LINE14" HEIGHT="117" WIDTH="1691" HPOS="199" VPOS="2358">
							<String ID="STRING87" STYLEREFS="STYLE2" HEIGHT="64" WIDTH="93" HPOS="199" VPOS="2400" CONTENT="tre" WC="0.61" LANG="dan"/>
							<SP ID="SP74" WIDTH="25" HPOS="292" VPOS="2400"/>
							<String ID="STRING88" STYLEREFS="STYLE2" HEIGHT="98" WIDTH="229" HPOS="317" VPOS="2377" CONTENT="vigtige" WC="0.66" LANG="dan"/>
							<SP ID="SP75" WIDTH="41" HPOS="546" VPOS="2377"/>
							<String ID="STRING89" STYLEREFS="STYLE2" HEIGHT="88" WIDTH="589" HPOS="587" VPOS="2368" CONTENT="Stats-Artikler" WC="0.81" LANG="dan"/>
							<SP ID="SP76" WIDTH="57" HPOS="1176" VPOS="2368"/>
							<String ID="STRING90" STYLEREFS="STYLE2" HEIGHT="95" WIDTH="227" HPOS="1233" VPOS="2366" CONTENT="ssriver" WC="0.84" LANG="dan"/>
							<SP ID="SP77" WIDTH="39" HPOS="1460" VPOS="2366"/>
							<String ID="STRING91" STYLEREFS="STYLE2" HEIGHT="77" WIDTH="205" HPOS="1499" VPOS="2370" CONTENT="denne" WC="0.86" LANG="dan"/>
							<SP ID="SP78" WIDTH="43" HPOS="1704" VPOS="2370"/>
							<String ID="STRING92" STYLEREFS="STYLE2" HEIGHT="99" WIDTH="143" HPOS="1747" VPOS="2358" CONTENT="For" SUBS_TYPE="HypPart1" SUBS_CONTENT="Forfatter." WC="0.35" LANG="dan"/>
							<HYP CONTENT="-"/>
						</TextLine>
						<TextLine ID="LINE15" HEIGHT="116" WIDTH="1701" HPOS="191" VPOS="2498">
							<String ID="STRING93" STYLEREFS="STYLE2" HEIGHT="98" WIDTH="215" HPOS="191" VPOS="2516" CONTENT="fatter." SUBS_TYPE="HypPart2" SUBS_CONTENT="Forfatter." WC="0.71" LANG="dan"/>
							<SP ID="SP79" WIDTH="101" HPOS="406" VPOS="2516"/>
							<String ID="STRING94" STYLEREFS="STYLE2" HEIGHT="94" WIDTH="245" HPOS="507" VPOS="2512" CONTENT="Neppe" WC="0.7" LANG="nob"/>
							<SP ID="SP80" WIDTH="43" HPOS="752" VPOS="2512"/>
							<String ID="STRING95" STYLEREFS="STYLE2" HEIGHT="95" WIDTH="143" HPOS="795" VPOS="2506" CONTENT="s«ae" WC="0.9" LANG="dan"/>
							<SP ID="SP81" WIDTH="47" HPOS="938" VPOS="2506"/>
							<String ID="STRING96" STYLEREFS="STYLE2" HEIGHT="93" WIDTH="101" HPOS="985" VPOS="2511" CONTENT="jeg" WC="0.74" LANG="dan"/>
							<SP ID="SP82" WIDTH="33" HPOS="1086" VPOS="2511"/>
							<String ID="STRING97" STYLEREFS="STYLE2" HEIGHT="88" WIDTH="221" HPOS="1119" VPOS="2504" CONTENT="Titlen" WC="0.7" LANG="dan"/>
							<SP ID="SP83" WIDTH="43" HPOS="1340" VPOS="2504"/>
							<String ID="STRING98" STYLEREFS="STYLE2" HEIGHT="98" WIDTH="231" HPOS="1383" VPOS="2499" CONTENT="førend" WC="0.72" LANG="dan"/>
							<SP ID="SP84" WIDTH="31" HPOS="1614" VPOS="2499"/>
							<String ID="STRING99" STYLEREFS="STYLE2" HEIGHT="98" WIDTH="103" HPOS="1645" VPOS="2498" CONTENT="jeg" WC="0.55" LANG="dan"/>
							<SP ID="SP85" WIDTH="53" HPOS="1748" VPOS="2498"/>
							<String ID="STRING100" STYLEREFS="STYLE2" HEIGHT="62" WIDTH="91" HPOS="1801" VPOS="2514" CONTENT="øn" SUBS_TYPE="HypPart1" SUBS_CONTENT="ønstede," WC="1" LANG="dan"/>
							<HYP CONTENT="-"/>
						</TextLine>
						<TextLine ID="LINE16" HEIGHT="120" WIDTH="1691" HPOS="195" VPOS="2634">
							<String ID="STRING101" STYLEREFS="STYLE2" HEIGHT="96" WIDTH="201" HPOS="195" VPOS="2658" CONTENT="stede," SUBS_TYPE="HypPart2" SUBS_CONTENT="ønstede," WC="0.66" LANG="dan"/>
							<SP ID="SP86" WIDTH="69" HPOS="396" VPOS="2658"/>
							<String ID="STRING102" STYLEREFS="STYLE2" HEIGHT="64" WIDTH="73" HPOS="465" VPOS="2670" CONTENT="at" WC="0.64" LANG="dan"/>
							<SP ID="SP87" WIDTH="63" HPOS="538" VPOS="2670"/>
							<String ID="STRING103" STYLEREFS="STYLE2" HEIGHT="75" WIDTH="103" HPOS="601" VPOS="2657" CONTENT="det" WC="0.6" LANG="dan"/>
							<SP ID="SP88" WIDTH="45" HPOS="704" VPOS="2657"/>
							<String ID="STRING104" STYLEREFS="STYLE2" HEIGHT="65" WIDTH="249" HPOS="749" VPOS="2664" CONTENT="maatte" WC="0.76" LANG="dan"/>
							<SP ID="SP89" WIDTH="57" HPOS="998" VPOS="2664"/>
							<String ID="STRING105" STYLEREFS="STYLE2" HEIGHT="62" WIDTH="169" HPOS="1055" VPOS="2664" CONTENT="være" WC="0.83" LANG="dan"/>
							<SP ID="SP90" WIDTH="37" HPOS="1224" VPOS="2664"/>
							<String ID="STRING106" STYLEREFS="STYLE2" HEIGHT="83" WIDTH="161" HPOS="1261" VPOS="2658" CONTENT="got," WC="0.57" LANG="dan"/>
							<SP ID="SP91" WIDTH="81" HPOS="1422" VPOS="2658"/>
							<String ID="STRING107" STYLEREFS="STYLE2" HEIGHT="78" WIDTH="87" HPOS="1503" VPOS="2659" CONTENT="øg" WC="0.75" LANG="dan"/>
							<SP ID="SP92" WIDTH="31" HPOS="1590" VPOS="2659"/>
							<String ID="STRING108" STYLEREFS="STYLE2" HEIGHT="99" WIDTH="101" HPOS="1621" VPOS="2634" CONTENT="jeg" WC="0.67" LANG="dan"/>
							<SP ID="SP93" WIDTH="31" HPOS="1722" VPOS="2634"/>
							<String ID="STRING109" STYLEREFS="STYLE2" HEIGHT="98" WIDTH="133" HPOS="1753" VPOS="2634" CONTENT="haa" SUBS_TYPE="HypPart1" SUBS_CONTENT="haabede" WC="0.78" LANG="dan"/>
							<HYP CONTENT="-"/>
						</TextLine>
						<TextLine ID="LINE17" HEIGHT="106" WIDTH="1721" HPOS="201" VPOS="2780">
							<String ID="STRING110" STYLEREFS="STYLE2" HEIGHT="79" WIDTH="153" HPOS="201" VPOS="2798" CONTENT="bede" SUBS_TYPE="HypPart2" SUBS_CONTENT="haabede" WC="0.65" LANG="dan"/>
							<SP ID="SP94" WIDTH="31" HPOS="354" VPOS="2798"/>
							<String ID="STRING111" STYLEREFS="STYLE2" HEIGHT="77" WIDTH="121" HPOS="385" VPOS="2798" CONTENT="det." WC="0.7" LANG="dan"/>
							<SP ID="SP95" WIDTH="101" HPOS="506" VPOS="2798"/>
							<String ID="STRING112" STYLEREFS="STYLE2" HEIGHT="99" WIDTH="141" HPOS="607" VPOS="2787" CONTENT="Jeg" WC="0.9" LANG="dan"/>
							<SP ID="SP96" WIDTH="39" HPOS="748" VPOS="2787"/>
							<String ID="STRING113" STYLEREFS="STYLE2" HEIGHT="95" WIDTH="371" HPOS="787" VPOS="2784" CONTENT="fornøic&amp;eé" WC="0.34" LANG="dan"/>
							<SP ID="SP97" WIDTH="35" HPOS="1158" VPOS="2784"/>
							<String ID="STRING114" STYLEREFS="STYLE2" HEIGHT="62" WIDTH="153" HPOS="1193" VPOS="2801" CONTENT="over" WC="0.69" LANG="dan"/>
							<SP ID="SP98" WIDTH="35" HPOS="1346" VPOS="2801"/>
							<String ID="STRING115" STYLEREFS="STYLE2" HEIGHT="99" WIDTH="357" HPOS="1381" VPOS="2780" CONTENT="Fortalen," WC="0.79" LANG="dan"/>
							<SP ID="SP99" WIDTH="55" HPOS="1738" VPOS="2780"/>
							<String ID="STRING116" STYLEREFS="STYLE2" HEIGHT="79" WIDTH="129" HPOS="1793" VPOS="2780" CONTENT="den" WC="0.5" LANG="dan"/>
						</TextLine>
						<TextLine ID="LINE18" HEIGHT="117" WIDTH="1691" HPOS="203" VPOS="2911">
							<String ID="STRING117" STYLEREFS="STYLE2" HEIGHT="96" WIDTH="251" HPOS="203" VPOS="2932" CONTENT="sinagde" WC="0.82" LANG="dan"/>
							<SP ID="SP100" WIDTH="25" HPOS="454" VPOS="2932"/>
							<String ID="STRING118" STYLEREFS="STYLE2" HEIGHT="97" WIDTH="207" HPOS="479" VPOS="2924" CONTENT="afidel" WC="0.76" LANG="dan"/>
							<SP ID="SP101" WIDTH="29" HPOS="686" VPOS="2924"/>
							<String ID="STRING119" STYLEREFS="STYLE2" HEIGHT="101" WIDTH="495" HPOS="715" VPOS="2923" CONTENT="Patriotisme," WC="0.73" LANG="dan"/>
							<SP ID="SP102" WIDTH="25" HPOS="1210" VPOS="2923"/>
							<String ID="STRING120" STYLEREFS="STYLE2" HEIGHT="97" WIDTH="453" HPOS="1235" VPOS="2917" CONTENT="Redelighed," WC="0.63" LANG="dan"/>
							<SP ID="SP103" WIDTH="33" HPOS="1688" VPOS="2917"/>
							<String ID="STRING121" STYLEREFS="STYLE2" HEIGHT="85" WIDTH="173" HPOS="1721" VPOS="2911" CONTENT="Kier" SUBS_TYPE="HypPart1" SUBS_CONTENT="Kierlighed" WC="0.46" LANG="dan"/>
							<HYP CONTENT="-"/>
						</TextLine>
						<TextLine ID="LINE19" HEIGHT="117" WIDTH="1734" HPOS="198" VPOS="3050">
							<String ID="STRING122" STYLEREFS="STYLE2" HEIGHT="117" WIDTH="204" HPOS="198" VPOS="3050" CONTENT="lighed" SUBS_TYPE="HypPart2" SUBS_CONTENT="Kierlighed" WC="0.47" LANG="dan"/>
							<SP ID="SP104" WIDTH="61" HPOS="402" VPOS="3050"/>
							<String ID="STRING123" STYLEREFS="STYLE2" HEIGHT="78" WIDTH="69" HPOS="463" VPOS="3066" CONTENT="til" WC="0.62" LANG="dan"/>
							<SP ID="SP105" WIDTH="59" HPOS="532" VPOS="3066"/>
							<String ID="STRING124" STYLEREFS="STYLE2" HEIGHT="96" WIDTH="395" HPOS="591" VPOS="3063" CONTENT="Sandhed," WC="0.65" LANG="dan"/>
							<SP ID="SP106" WIDTH="79" HPOS="986" VPOS="3063"/>
							<String ID="STRING125" STYLEREFS="STYLE2" HEIGHT="97" WIDTH="99" HPOS="1065" VPOS="3060" CONTENT="jeg" WC="0.83" LANG="dan"/>
							<SP ID="SP107" WIDTH="63" HPOS="1164" VPOS="3060"/>
							<String ID="STRING126" STYLEREFS="STYLE2" HEIGHT="96" WIDTH="211" HPOS="1227" VPOS="3060" CONTENT="begav" WC="0.69" LANG="dan"/>
							<SP ID="SP108" WIDTH="59" HPOS="1438" VPOS="3060"/>
							<String ID="STRING127" STYLEREFS="STYLE2" HEIGHT="99" WIDTH="137" HPOS="1497" VPOS="3055" CONTENT="mig" WC="0.47" LANG="dan"/>
							<SP ID="SP109" WIDTH="65" HPOS="1634" VPOS="3055"/>
							<String ID="STRING128" STYLEREFS="STYLE2" HEIGHT="62" WIDTH="99" HPOS="1699" VPOS="3072" CONTENT="nu" WC="0.65" LANG="dan"/>
							<SP ID="SP110" WIDTH="53" HPOS="1798" VPOS="3072"/>
							<String ID="STRING129" STYLEREFS="STYLE2" HEIGHT="82" WIDTH="81" HPOS="1851" VPOS="3050" CONTENT="tik" WC="0.46" LANG="dan"/>
						</TextLine>
						<TextLine ID="LINE20" HEIGHT="109" WIDTH="1727" HPOS="197" VPOS="3190">
							<String ID="STRING130" STYLEREFS="STYLE2" HEIGHT="97" WIDTH="305" HPOS="197" VPOS="3202" CONTENT="Skristet" WC="0.78" LANG="dan"/>
							<SP ID="SP111" WIDTH="51" HPOS="502" VPOS="3202"/>
							<String ID="STRING131" STYLEREFS="STYLE2" HEIGHT="92" WIDTH="117" HPOS="553" VPOS="3203" CONTENT="selv" WC="0.75" LANG="dan"/>
							<SP ID="SP112" WIDTH="23" HPOS="670" VPOS="3203"/>
							<String ID="STRING132" STYLEREFS="STYLE2" HEIGHT="78" WIDTH="25" HPOS="693" VPOS="3221" CONTENT=";" WC="0.54" LANG="dan"/>
							<SP ID="SP113" WIDTH="47" HPOS="718" VPOS="3221"/>
							<String ID="STRING133" STYLEREFS="STYLE2" HEIGHT="97" WIDTH="103" HPOS="765" VPOS="3202" CONTENT="jeg" WC="0.62" LANG="dan"/>
							<SP ID="SP114" WIDTH="33" HPOS="868" VPOS="3202"/>
							<String ID="STRING134" STYLEREFS="STYLE2" HEIGHT="92" WIDTH="161" HPOS="901" VPOS="3205" CONTENT="læste" WC="0.74" LANG="dan"/>
							<SP ID="SP115" WIDTH="43" HPOS="1062" VPOS="3205"/>
							<String ID="STRING135" STYLEREFS="STYLE2" HEIGHT="93" WIDTH="137" HPOS="1105" VPOS="3200" CONTENT="som" WC="0.65" LANG="dan"/>
							<SP ID="SP116" WIDTH="23" HPOS="1242" VPOS="3200"/>
							<String ID="STRING136" STYLEREFS="STYLE2" HEIGHT="78" WIDTH="125" HPOS="1265" VPOS="3205" CONTENT="den" WC="0.75" LANG="dan"/>
							<SP ID="SP117" WIDTH="35" HPOS="1390" VPOS="3205"/>
							<String ID="STRING137" STYLEREFS="STYLE2" HEIGHT="77" WIDTH="111" HPOS="1425" VPOS="3203" CONTENT="der" WC="0.61" LANG="dan"/>
							<SP ID="SP118" WIDTH="47" HPOS="1536" VPOS="3203"/>
							<String ID="STRING138" STYLEREFS="STYLE2" HEIGHT="76" WIDTH="219" HPOS="1583" VPOS="3202" CONTENT="vemer" WC="0.73" LANG="dan"/>
							<SP ID="SP119" WIDTH="39" HPOS="1802" VPOS="3202"/>
							<String ID="STRING139" STYLEREFS="STYLE2" HEIGHT="70" WIDTH="83" HPOS="1841" VPOS="3190" CONTENT="at" WC="0.64" LANG="dan"/>
						</TextLine>
						<TextLine ID="LINE21" HEIGHT="133" WIDTH="1729" HPOS="193" VPOS="3311">
							<String ID="STRING140" STYLEREFS="STYLE2" HEIGHT="95" WIDTH="177" HPOS="193" VPOS="3349" CONTENT="finde" WC="0.86" LANG="dan"/>
							<SP ID="SP120" WIDTH="35" HPOS="370" VPOS="3349"/>
							<String ID="STRING141" STYLEREFS="STYLE2" HEIGHT="83" WIDTH="193" HPOS="405" VPOS="3357" CONTENT="noget" WC="0.86" LANG="dan"/>
							<SP ID="SP121" WIDTH="25" HPOS="598" VPOS="3357"/>
							<String ID="STRING142" STYLEREFS="STYLE2" HEIGHT="86" WIDTH="153" HPOS="623" VPOS="3352" CONTENT="got," WC="0.63" LANG="dan"/>
							<SP ID="SP122" WIDTH="61" HPOS="776" VPOS="3352"/>
							<String ID="STRING143" STYLEREFS="STYLE2" HEIGHT="96" WIDTH="145" HPOS="837" VPOS="3339" CONTENT="flom" WC="0.75" LANG="dan"/>
							<SP ID="SP123" WIDTH="47" HPOS="982" VPOS="3339"/>
							<String ID="STRING144" STYLEREFS="STYLE2" HEIGHT="75" WIDTH="125" HPOS="1029" VPOS="3347" CONTENT="den" WC="0.78" LANG="dan"/>
							<SP ID="SP124" WIDTH="39" HPOS="1154" VPOS="3347"/>
							<String ID="STRING145" STYLEREFS="STYLE2" HEIGHT="76" WIDTH="113" HPOS="1193" VPOS="3344" CONTENT="der" WC="0.52" LANG="dan"/>
							<SP ID="SP125" WIDTH="27" HPOS="1306" VPOS="3344"/>
							<String ID="STRING146" STYLEREFS="STYLE2" HEIGHT="92" WIDTH="125" HPOS="1333" VPOS="3338" CONTENT="har" WC="0.59" LANG="dan"/>
							<SP ID="SP126" WIDTH="59" HPOS="1458" VPOS="3338"/>
							<String ID="STRING147" STYLEREFS="STYLE2" HEIGHT="83" WIDTH="273" HPOS="1517" VPOS="3323" CONTENT="allerede" WC="0.74" LANG="dan"/>
							<SP ID="SP127" WIDTH="28" HPOS="1790" VPOS="3323"/>
							<String ID="STRING148" STYLEREFS="STYLE2" HEIGHT="96" WIDTH="104" HPOS="1818" VPOS="3311" CONTENT="sat" WC="0.56" LANG="dan"/>
						</TextLine>
						<TextLine ID="LINE22" HEIGHT="127" WIDTH="1729" HPOS="193" VPOS="3458">
							<String ID="STRING149" STYLEREFS="STYLE2" HEIGHT="98" WIDTH="93" HPOS="193" VPOS="3487" CONTENT="sig" WC="0.4" LANG="dan"/>
							<SP ID="SP128" WIDTH="21" HPOS="286" VPOS="3487"/>
							<String ID="STRING150" STYLEREFS="STYLE2" HEIGHT="105" WIDTH="101" HPOS="307" VPOS="3479" CONTENT="for" WC="0.77" LANG="dan"/>
							<SP ID="SP129" WIDTH="35" HPOS="408" VPOS="3479"/>
							<String ID="STRING151" STYLEREFS="STYLE4" HEIGHT="76" WIDTH="73" HPOS="443" VPOS="3498" CONTENT="ar" WC="0.57" LANG="dan"/>
							<SP ID="SP130" WIDTH="27" HPOS="516" VPOS="3498"/>
							<String ID="STRING152" STYLEREFS="STYLE2" HEIGHT="101" WIDTH="327" HPOS="543" VPOS="3478" CONTENT="samtykke" WC="0.55" LANG="dan"/>
							<SP ID="SP131" WIDTH="29" HPOS="870" VPOS="3478"/>
							<String ID="STRING153" STYLEREFS="STYLE4" HEIGHT="79" WIDTH="83" HPOS="899" VPOS="3500" CONTENT="og" WC="0.3" LANG="dan"/>
							<SP ID="SP132" WIDTH="35" HPOS="982" VPOS="3500"/>
							<String ID="STRING154" STYLEREFS="STYLE2" HEIGHT="85" WIDTH="311" HPOS="1017" VPOS="3477" CONTENT="beundre." WC="0.5" LANG="dan"/>
							<SP ID="SP133" WIDTH="112" HPOS="1328" VPOS="3477"/>
							<String ID="STRING155" STYLEREFS="STYLE4" HEIGHT="90" WIDTH="186" HPOS="1440" VPOS="3463" CONTENT="Men" WC="0.27" LANG="dan"/>
							<SP ID="SP134" WIDTH="40" HPOS="1626" VPOS="3463"/>
							<String ID="STRING156" STYLEREFS="STYLE2" HEIGHT="86" WIDTH="256" HPOS="1666" VPOS="3458" CONTENT="Deres" WC="0.78" LANG="dan"/>
						</TextLine>
						<TextLine ID="LINE23" HEIGHT="124" WIDTH="843" HPOS="969" VPOS="3602">
							<String ID="STRING157" STYLEREFS="STYLE6" HEIGHT="110" WIDTH="77" HPOS="969" VPOS="3616" CONTENT="%" WC="0.01" LANG="dan"/>
							<SP ID="SP135" WIDTH="53" HPOS="1046" VPOS="3616"/>
							<String ID="STRING158" STYLEREFS="STYLE7" HEIGHT="81" WIDTH="47" HPOS="1099" VPOS="3640" CONTENT="§" WC="0.27" LANG="dan"/>
							<SP ID="SP136" WIDTH="518" HPOS="1146" VPOS="3640"/>
							<String ID="STRING159" STYLEREFS="STYLE7" HEIGHT="87" WIDTH="148" HPOS="1664" VPOS="3602" CONTENT="k»'" WC="0.72" LANG="dan"/>
						</TextLine>
					</TextBlock>
				</ComposedBlock>
			</PrintSpace>
		</Page>
	</Layout>
</alto>
