<?xml version="1.0" encoding="utf-8"?>
<alto xmlns="http://www.loc.gov/standards/alto/ns-v3#" xmlns:xs="http://www.w3.org/2001/XMLSchema-instance" xmlns:xlink="http://www.w3.org/1999/xlink">
	<Description>
		<MeasurementUnit>pixel</MeasurementUnit>
		<sourceImageInformation>
			<fileName>130017168313_1_002_001_007.tif</fileName>
		</sourceImageInformation>
		<OCRProcessing ID="OCR1">
			<ocrProcessingStep>
				<processingDateTime>2018-08-31</processingDateTime>
				<processingAgency>Zissor AS</processingAgency>
				<processingStepSettings>Combined OCR</processingStepSettings>
				<processingSoftware>
					<softwareCreator>Zissor AS</softwareCreator>
					<softwareName>ContentOCR-11; ContentOCR-Tesseract</softwareName>
					<softwareVersion>2.0.2; 2.0.0</softwareVersion>
					<applicationDescription>OCR Component for Zissor Content System</applicationDescription>
				</processingSoftware>
			</ocrProcessingStep>
			<postProcessingStep>
				<processingDateTime>2018-08-31</processingDateTime>
				<processingAgency>Zissor AS</processingAgency>
				<processingStepSettings>KB-bok1</processingStepSettings>
				<processingSoftware>
					<softwareCreator>Zissor AS</softwareCreator>
					<softwareName>MediaArticleAnalyzer</softwareName>
					<softwareVersion>2.0.0</softwareVersion>
					<applicationDescription>Segmentation Component for Zissor Content System</applicationDescription>
				</processingSoftware>
			</postProcessingStep>
		</OCRProcessing>
	</Description>
	<Styles>
		<TextStyle ID="STYLE1" FONTFAMILY="Times New Roman" FONTSIZE="14" FONTSTYLE="bold"/>
		<TextStyle ID="STYLE2" FONTFAMILY="Times New Roman" FONTSIZE="14" FONTSTYLE=""/>
		<TextStyle ID="STYLE3" FONTFAMILY="Times New Roman" FONTSIZE="12" FONTSTYLE="bold"/>
	</Styles>
	<Layout>
		<Page ID="PAGE7" HEIGHT="4624" WIDTH="3036" PHYSICAL_IMG_NR="7" PROCESSING="OCR1" PC="0.78">
			<TopMargin HEIGHT="378" WIDTH="3036" HPOS="0" VPOS="0"/>
			<LeftMargin HEIGHT="3318" WIDTH="176" HPOS="0" VPOS="378"/>
			<RightMargin HEIGHT="3318" WIDTH="1106" HPOS="1930" VPOS="378"/>
			<BottomMargin HEIGHT="926" WIDTH="3036" HPOS="0" VPOS="3698"/>
			<PrintSpace ID="PRINTSPACE1" HEIGHT="3318" WIDTH="1752" HPOS="177" VPOS="379">
				<ComposedBlock xs:type="ComposedBlockType" ID="ARTICLE102116" HEIGHT="3318" WIDTH="1752" HPOS="177" VPOS="379" xlink:type="simple">
					<TextBlock xs:type="TextBlockType" ID="ZONE1070185" HEIGHT="93" WIDTH="841" HPOS="957" VPOS="379" xlink:type="simple">
						<TextLine ID="LINE1" HEIGHT="79" WIDTH="840" HPOS="958" VPOS="384">
							<String ID="STRING1" STYLEREFS="STYLE1" HEIGHT="63" WIDTH="462" HPOS="958" VPOS="384" CONTENT="——zzr" WC="0.4" LANG="nob"/>
							<SP ID="SP1" WIDTH="325" HPOS="1420" VPOS="384"/>
							<String ID="STRING2" STYLEREFS="STYLE1" HEIGHT="71" WIDTH="53" HPOS="1745" VPOS="392" CONTENT="7" WC="0.47" LANG="nob"/>
						</TextLine>
					</TextBlock>
					<TextBlock xs:type="TextBlockType" ID="ZONE1070186" HEIGHT="3167" WIDTH="1752" HPOS="177" VPOS="530" xlink:type="simple">
						<TextLine ID="LINE2" HEIGHT="116" WIDTH="1665" HPOS="201" VPOS="541">
							<String ID="STRING3" STYLEREFS="STYLE2" HEIGHT="62" WIDTH="151" HPOS="201" VPOS="586" CONTENT="men" WC="0.28" LANG="nob"/>
							<SP ID="SP2" WIDTH="27" HPOS="352" VPOS="586"/>
							<String ID="STRING4" STYLEREFS="STYLE2" HEIGHT="95" WIDTH="287" HPOS="379" VPOS="562" CONTENT="omsider," WC="0.6" LANG="nob"/>
							<SP ID="SP3" WIDTH="51" HPOS="666" VPOS="562"/>
							<String ID="STRING5" STYLEREFS="STYLE2" HEIGHT="99" WIDTH="137" HPOS="717" VPOS="553" CONTENT="Ja," WC="0.86" LANG="dan"/>
							<SP ID="SP4" WIDTH="29" HPOS="854" VPOS="553"/>
							<String ID="STRING6" STYLEREFS="STYLE2" HEIGHT="89" WIDTH="843" HPOS="883" VPOS="541" CONTENT="©eteøExcellence!" WC="0.57" LANG="dan"/>
							<SP ID="SP5" WIDTH="29" HPOS="1726" VPOS="541"/>
							<String ID="STRING7" STYLEREFS="STYLE2" HEIGHT="60" WIDTH="111" HPOS="1755" VPOS="565" CONTENT="om" SUBS_TYPE="HypPart1" SUBS_CONTENT="omsider" WC="0.82" LANG="dan"/>
							<HYP CONTENT="-"/>
						</TextLine>
						<TextLine ID="LINE3" HEIGHT="123" WIDTH="1692" HPOS="203" VPOS="677">
							<String ID="STRING8" STYLEREFS="STYLE2" HEIGHT="91" WIDTH="156" HPOS="203" VPOS="709" CONTENT="sider" SUBS_TYPE="HypPart2" SUBS_CONTENT="omsider" WC="0.63" LANG="dan"/>
							<SP ID="SP6" WIDTH="12" HPOS="359" VPOS="709"/>
							<String ID="STRING9" STYLEREFS="STYLE2" HEIGHT="95" WIDTH="228" HPOS="371" VPOS="703" CONTENT="gruede" WC="0.58" LANG="dan"/>
							<SP ID="SP7" WIDTH="25" HPOS="599" VPOS="703"/>
							<String ID="STRING10" STYLEREFS="STYLE2" HEIGHT="95" WIDTH="135" HPOS="624" VPOS="696" CONTENT="jeg;" WC="0.67" LANG="dan"/>
							<SP ID="SP8" WIDTH="51" HPOS="759" VPOS="696"/>
							<String ID="STRING11" STYLEREFS="STYLE2" HEIGHT="98" WIDTH="95" HPOS="810" VPOS="687" CONTENT="thi" WC="0.69" LANG="dan"/>
							<SP ID="SP9" WIDTH="25" HPOS="905" VPOS="687"/>
							<String ID="STRING12" STYLEREFS="STYLE2" HEIGHT="99" WIDTH="99" HPOS="930" VPOS="685" CONTENT="jeg" WC="0.81" LANG="dan"/>
							<SP ID="SP10" WIDTH="34" HPOS="1029" VPOS="685"/>
							<String ID="STRING13" STYLEREFS="STYLE2" HEIGHT="99" WIDTH="238" HPOS="1063" VPOS="679" CONTENT="afffyer" WC="0.79" LANG="dan"/>
							<SP ID="SP11" WIDTH="27" HPOS="1301" VPOS="679"/>
							<String ID="STRING14" STYLEREFS="STYLE2" HEIGHT="91" WIDTH="147" HPOS="1328" VPOS="688" CONTENT="den," WC="0.74" LANG="dan"/>
							<SP ID="SP12" WIDTH="29" HPOS="1475" VPOS="688"/>
							<String ID="STRING15" STYLEREFS="STYLE2" HEIGHT="95" WIDTH="137" HPOS="1504" VPOS="679" CONTENT="som" WC="0.8" LANG="dan"/>
							<SP ID="SP13" WIDTH="17" HPOS="1641" VPOS="679"/>
							<String ID="STRING16" STYLEREFS="STYLE2" HEIGHT="98" WIDTH="103" HPOS="1658" VPOS="677" CONTENT="for" WC="0.77" LANG="dan"/>
							<SP ID="SP14" WIDTH="27" HPOS="1761" VPOS="677"/>
							<String ID="STRING17" STYLEREFS="STYLE2" HEIGHT="78" WIDTH="107" HPOS="1788" VPOS="687" CONTENT="det" WC="0.61" LANG="dan"/>
						</TextLine>
						<TextLine ID="LINE4" HEIGHT="120" WIDTH="1699" HPOS="200" VPOS="815">
							<String ID="STRING18" STYLEREFS="STYLE2" HEIGHT="97" WIDTH="353" HPOS="200" VPOS="838" CONTENT="ærværdige" WC="0.73" LANG="dan"/>
							<SP ID="SP15" WIDTH="45" HPOS="553" VPOS="838"/>
							<String ID="STRING19" STYLEREFS="STYLE2" HEIGHT="106" WIDTH="373" HPOS="598" VPOS="828" CONTENT="Publicum" WC="0.7" LANG="deu"/>
							<SP ID="SP16" WIDTH="45" HPOS="971" VPOS="828"/>
							<String ID="STRING20" STYLEREFS="STYLE2" HEIGHT="64" WIDTH="107" HPOS="1016" VPOS="840" CONTENT="tor" WC="0.46" LANG="dan"/>
							<SP ID="SP17" WIDTH="31" HPOS="1123" VPOS="840"/>
							<String ID="STRING21" STYLEREFS="STYLE2" HEIGHT="98" WIDTH="421" HPOS="1154" VPOS="818" CONTENT="fremkomme" WC="0.9" LANG="dan"/>
							<SP ID="SP18" WIDTH="33" HPOS="1575" VPOS="818"/>
							<String ID="STRING22" STYLEREFS="STYLE2" HEIGHT="78" WIDTH="149" HPOS="1608" VPOS="824" CONTENT="med" WC="0.86" LANG="dan"/>
							<SP ID="SP19" WIDTH="39" HPOS="1757" VPOS="824"/>
							<String ID="STRING23" STYLEREFS="STYLE2" HEIGHT="97" WIDTH="103" HPOS="1796" VPOS="815" CONTENT="af«" WC="1" LANG="dan"/>
						</TextLine>
						<TextLine ID="LINE5" HEIGHT="120" WIDTH="1699" HPOS="197" VPOS="956">
							<String ID="STRING24" STYLEREFS="STYLE2" HEIGHT="97" WIDTH="247" HPOS="197" VPOS="979" CONTENT="ffyelige" WC="0.76" LANG="dan"/>
							<SP ID="SP20" WIDTH="71" HPOS="444" VPOS="979"/>
							<String ID="STRING25" STYLEREFS="STYLE3" HEIGHT="95" WIDTH="391" HPOS="515" VPOS="973" CONTENT="Erinciper," WC="0.54" LANG="dan"/>
							<SP ID="SP21" WIDTH="88" HPOS="906" VPOS="973"/>
							<String ID="STRING26" STYLEREFS="STYLE2" HEIGHT="97" WIDTH="334" HPOS="994" VPOS="964" CONTENT="ugudelige" WC="0.82" LANG="dan"/>
							<SP ID="SP22" WIDTH="65" HPOS="1328" VPOS="964"/>
							<String ID="STRING27" STYLEREFS="STYLE2" HEIGHT="101" WIDTH="503" HPOS="1393" VPOS="956" CONTENT="Sophisterier," WC="0.68" LANG="dan"/>
						</TextLine>
						<TextLine ID="LINE6" HEIGHT="118" WIDTH="1673" HPOS="197" VPOS="1094">
							<String ID="STRING28" STYLEREFS="STYLE2" HEIGHT="100" WIDTH="667" HPOS="197" VPOS="1112" CONTENT="usandsærdigheder," WC="0.79" LANG="dan"/>
							<SP ID="SP23" WIDTH="71" HPOS="864" VPOS="1112"/>
							<String ID="STRING29" STYLEREFS="STYLE2" HEIGHT="78" WIDTH="83" HPOS="935" VPOS="1124" CONTENT="og" WC="0.68" LANG="dan"/>
							<SP ID="SP24" WIDTH="37" HPOS="1018" VPOS="1124"/>
							<String ID="STRING30" STYLEREFS="STYLE2" HEIGHT="100" WIDTH="475" HPOS="1055" VPOS="1099" CONTENT="sornærmende" WC="0.86" LANG="dan"/>
							<SP ID="SP25" WIDTH="45" HPOS="1530" VPOS="1099"/>
							<String ID="STRING31" STYLEREFS="STYLE2" HEIGHT="100" WIDTH="295" HPOS="1575" VPOS="1094" CONTENT="Beffyld" SUBS_TYPE="HypPart1" SUBS_CONTENT="Beffyldninger" WC="0.62" LANG="dan"/>
							<HYP CONTENT="-"/>
						</TextLine>
						<TextLine ID="LINE7" HEIGHT="117" WIDTH="1708" HPOS="193" VPOS="1234">
							<String ID="STRING32" STYLEREFS="STYLE2" HEIGHT="95" WIDTH="218" HPOS="193" VPOS="1256" CONTENT="ninger" SUBS_TYPE="HypPart2" SUBS_CONTENT="Beffyldninger" WC="0.78" LANG="dan"/>
							<SP ID="SP26" WIDTH="41" HPOS="411" VPOS="1256"/>
							<String ID="STRING33" STYLEREFS="STYLE2" HEIGHT="80" WIDTH="175" HPOS="452" VPOS="1254" CONTENT="imod" WC="0.62" LANG="dan"/>
							<SP ID="SP27" WIDTH="47" HPOS="627" VPOS="1254"/>
							<String ID="STRING34" STYLEREFS="STYLE2" HEIGHT="103" WIDTH="367" HPOS="674" VPOS="1244" CONTENT="Personer," WC="0.77" LANG="dan"/>
							<SP ID="SP28" WIDTH="71" HPOS="1041" VPOS="1244"/>
							<String ID="STRING35" STYLEREFS="STYLE2" HEIGHT="94" WIDTH="385" HPOS="1112" VPOS="1241" CONTENT="Stænder," WC="0.83" LANG="dan"/>
							<SP ID="SP29" WIDTH="69" HPOS="1497" VPOS="1241"/>
							<String ID="STRING36" STYLEREFS="STYLE2" HEIGHT="85" WIDTH="335" HPOS="1566" VPOS="1234" CONTENT="Embeds«" WC="0.77" LANG="dan"/>
						</TextLine>
						<TextLine ID="LINE8" HEIGHT="107" WIDTH="1707" HPOS="196" VPOS="1375">
							<String ID="STRING37" STYLEREFS="STYLE2" HEIGHT="77" WIDTH="233" HPOS="196" VPOS="1399" CONTENT="mænd." WC="0.79" LANG="dan"/>
							<SP ID="SP30" WIDTH="103" HPOS="429" VPOS="1399"/>
							<String ID="STRING38" STYLEREFS="STYLE2" HEIGHT="83" WIDTH="257" HPOS="532" VPOS="1389" CONTENT="Sandt" WC="0.68" LANG="dan"/>
							<SP ID="SP31" WIDTH="37" HPOS="789" VPOS="1389"/>
							<String ID="STRING39" STYLEREFS="STYLE2" HEIGHT="99" WIDTH="161" HPOS="826" VPOS="1383" CONTENT="nok;" WC="0.86" LANG="dan"/>
							<SP ID="SP32" WIDTH="59" HPOS="987" VPOS="1383"/>
							<String ID="STRING40" STYLEREFS="STYLE2" HEIGHT="97" WIDTH="173" HPOS="1046" VPOS="1380" CONTENT="hans" WC="0.87" LANG="dan"/>
							<SP ID="SP33" WIDTH="31" HPOS="1219" VPOS="1380"/>
							<String ID="STRING41" STYLEREFS="STYLE2" HEIGHT="98" WIDTH="247" HPOS="1250" VPOS="1375" CONTENT="Skrift" WC="0.68" LANG="dan"/>
							<SP ID="SP34" WIDTH="37" HPOS="1497" VPOS="1375"/>
							<String ID="STRING42" STYLEREFS="STYLE2" HEIGHT="96" WIDTH="369" HPOS="1534" VPOS="1376" CONTENT="indeholder" WC="0.79" LANG="dan"/>
						</TextLine>
						<TextLine ID="LINE9" HEIGHT="117" WIDTH="1704" HPOS="198" VPOS="1512">
							<String ID="STRING43" STYLEREFS="STYLE2" HEIGHT="92" WIDTH="180" HPOS="198" VPOS="1537" CONTENT="nogle" WC="0.9" LANG="dan"/>
							<SP ID="SP35" WIDTH="17" HPOS="378" VPOS="1537"/>
							<String ID="STRING44" STYLEREFS="STYLE2" HEIGHT="96" WIDTH="441" HPOS="395" VPOS="1528" CONTENT="Sandheder," WC="0.71" LANG="dan"/>
							<SP ID="SP36" WIDTH="28" HPOS="836" VPOS="1528"/>
							<String ID="STRING45" STYLEREFS="STYLE2" HEIGHT="94" WIDTH="182" HPOS="864" VPOS="1524" CONTENT="nogle" WC="0.96" LANG="dan"/>
							<SP ID="SP37" WIDTH="30" HPOS="1046" VPOS="1524"/>
							<String ID="STRING46" STYLEREFS="STYLE2" HEIGHT="91" WIDTH="162" HPOS="1076" VPOS="1524" CONTENT="gode" WC="0.82" LANG="dan"/>
							<SP ID="SP38" WIDTH="33" HPOS="1238" VPOS="1524"/>
							<String ID="STRING47" STYLEREFS="STYLE2" HEIGHT="97" WIDTH="447" HPOS="1271" VPOS="1515" CONTENT="Sandheder," WC="0.74" LANG="dan"/>
							<SP ID="SP39" WIDTH="39" HPOS="1718" VPOS="1515"/>
							<String ID="STRING48" STYLEREFS="STYLE2" HEIGHT="95" WIDTH="145" HPOS="1757" VPOS="1512" CONTENT="som" WC="0.8" LANG="dan"/>
						</TextLine>
						<TextLine ID="LINE10" HEIGHT="116" WIDTH="1705" HPOS="197" VPOS="1652">
							<String ID="STRING49" STYLEREFS="STYLE2" HEIGHT="93" WIDTH="137" HPOS="197" VPOS="1675" CONTENT="han" WC="0.85" LANG="dan"/>
							<SP ID="SP40" WIDTH="31" HPOS="334" VPOS="1675"/>
							<String ID="STRING50" STYLEREFS="STYLE2" HEIGHT="94" WIDTH="117" HPOS="365" VPOS="1671" CONTENT="har" WC="0.74" LANG="dan"/>
							<SP ID="SP41" WIDTH="53" HPOS="482" VPOS="1671"/>
							<String ID="STRING51" STYLEREFS="STYLE2" HEIGHT="76" WIDTH="121" HPOS="535" VPOS="1677" CONTENT="den" WC="0.86" LANG="dan"/>
							<SP ID="SP42" WIDTH="35" HPOS="656" VPOS="1677"/>
							<String ID="STRING52" STYLEREFS="STYLE2" HEIGHT="103" WIDTH="387" HPOS="691" VPOS="1662" CONTENT="Fornemste" WC="0.72" LANG="dan"/>
							<SP ID="SP43" WIDTH="49" HPOS="1078" VPOS="1662"/>
							<String ID="STRING53" STYLEREFS="STYLE2" HEIGHT="64" WIDTH="75" HPOS="1127" VPOS="1674" CONTENT="ar" WC="0.64" LANG="dan"/>
							<SP ID="SP44" WIDTH="49" HPOS="1202" VPOS="1674"/>
							<String ID="STRING54" STYLEREFS="STYLE2" HEIGHT="96" WIDTH="137" HPOS="1251" VPOS="1657" CONTENT="han" WC="0.88" LANG="dan"/>
							<SP ID="SP45" WIDTH="51" HPOS="1388" VPOS="1657"/>
							<String ID="STRING55" STYLEREFS="STYLE2" HEIGHT="98" WIDTH="297" HPOS="1439" VPOS="1654" CONTENT="dristigen" WC="0.69" LANG="dan"/>
							<SP ID="SP46" WIDTH="43" HPOS="1736" VPOS="1654"/>
							<String ID="STRING56" STYLEREFS="STYLE2" HEIGHT="95" WIDTH="123" HPOS="1779" VPOS="1652" CONTENT="har" WC="0.72" LANG="dan"/>
						</TextLine>
						<TextLine ID="LINE11" HEIGHT="118" WIDTH="1711" HPOS="196" VPOS="1788">
							<String ID="STRING57" STYLEREFS="STYLE2" HEIGHT="97" WIDTH="139" HPOS="196" VPOS="1809" CONTENT="sagt" WC="0.74" LANG="dan"/>
							<SP ID="SP47" WIDTH="26" HPOS="335" VPOS="1809"/>
							<String ID="STRING58" STYLEREFS="STYLE2" HEIGHT="99" WIDTH="298" HPOS="361" VPOS="1805" CONTENT="offentlig." WC="0.86" LANG="dan"/>
							<SP ID="SP48" WIDTH="101" HPOS="659" VPOS="1805"/>
							<String ID="STRING59" STYLEREFS="STYLE2" HEIGHT="81" WIDTH="175" HPOS="760" VPOS="1801" CONTENT="Men" WC="0.76" LANG="dan"/>
							<SP ID="SP49" WIDTH="23" HPOS="935" VPOS="1801"/>
							<String ID="STRING60" STYLEREFS="STYLE2" HEIGHT="95" WIDTH="205" HPOS="958" VPOS="1799" CONTENT="ffulde" WC="0.66" LANG="dan"/>
							<SP ID="SP50" WIDTH="28" HPOS="1163" VPOS="1799"/>
							<String ID="STRING61" STYLEREFS="STYLE2" HEIGHT="60" WIDTH="162" HPOS="1191" VPOS="1815" CONTENT="man" WC="0.87" LANG="dan"/>
							<SP ID="SP51" WIDTH="29" HPOS="1353" VPOS="1815"/>
							<String ID="STRING62" STYLEREFS="STYLE2" HEIGHT="81" WIDTH="129" HPOS="1382" VPOS="1793" CONTENT="ikke" WC="1" LANG="dan"/>
							<SP ID="SP52" WIDTH="35" HPOS="1511" VPOS="1793"/>
							<String ID="STRING63" STYLEREFS="STYLE2" HEIGHT="82" WIDTH="211" HPOS="1546" VPOS="1792" CONTENT="kunde" WC="0.86" LANG="dan"/>
							<SP ID="SP53" WIDTH="15" HPOS="1757" VPOS="1792"/>
							<String ID="STRING64" STYLEREFS="STYLE2" HEIGHT="97" WIDTH="135" HPOS="1772" VPOS="1788" CONTENT="sor«" WC="0.92" LANG="dan"/>
						</TextLine>
						<TextLine ID="LINE12" HEIGHT="108" WIDTH="1699" HPOS="208" VPOS="1929">
							<String ID="STRING65" STYLEREFS="STYLE2" HEIGHT="61" WIDTH="143" HPOS="208" VPOS="1965" CONTENT="eene" WC="0.8" LANG="dan"/>
							<SP ID="SP54" WIDTH="25" HPOS="351" VPOS="1965"/>
							<String ID="STRING66" STYLEREFS="STYLE2" HEIGHT="94" WIDTH="241" HPOS="376" VPOS="1943" CONTENT="samme" WC="0.76" LANG="dan"/>
							<SP ID="SP55" WIDTH="15" HPOS="617" VPOS="1943"/>
							<String ID="STRING67" STYLEREFS="STYLE2" HEIGHT="99" WIDTH="387" HPOS="632" VPOS="1937" CONTENT="Dristighed" WC="0.6" LANG="dan"/>
							<SP ID="SP56" WIDTH="15" HPOS="1019" VPOS="1937"/>
							<String ID="STRING68" STYLEREFS="STYLE2" HEIGHT="77" WIDTH="145" HPOS="1034" VPOS="1941" CONTENT="med" WC="0.7" LANG="dan"/>
							<SP ID="SP57" WIDTH="15" HPOS="1179" VPOS="1941"/>
							<String ID="STRING69" STYLEREFS="STYLE2" HEIGHT="99" WIDTH="303" HPOS="1194" VPOS="1934" CONTENT="Hiertets" WC="0.74" LANG="dan"/>
							<SP ID="SP58" WIDTH="15" HPOS="1497" VPOS="1934"/>
							<String ID="STRING70" STYLEREFS="STYLE2" HEIGHT="90" WIDTH="161" HPOS="1512" VPOS="1938" CONTENT="gode" WC="0.89" LANG="dan"/>
							<SP ID="SP59" WIDTH="19" HPOS="1673" VPOS="1938"/>
							<String ID="STRING71" STYLEREFS="STYLE2" HEIGHT="98" WIDTH="215" HPOS="1692" VPOS="1929" CONTENT="Egen«" WC="0.87" LANG="dan"/>
						</TextLine>
						<TextLine ID="LINE13" HEIGHT="112" WIDTH="1701" HPOS="209" VPOS="2068">
							<String ID="STRING72" STYLEREFS="STYLE2" HEIGHT="97" WIDTH="251" HPOS="209" VPOS="2083" CONTENT="ffaber," WC="0.57" LANG="dan"/>
							<SP ID="SP60" WIDTH="56" HPOS="460" VPOS="2083"/>
							<String ID="STRING73" STYLEREFS="STYLE2" HEIGHT="76" WIDTH="144" HPOS="516" VPOS="2084" CONTENT="med" WC="0.77" LANG="dan"/>
							<SP ID="SP61" WIDTH="35" HPOS="660" VPOS="2084"/>
							<String ID="STRING74" STYLEREFS="STYLE2" HEIGHT="92" WIDTH="479" HPOS="695" VPOS="2071" CONTENT="Sanddruhed" WC="0.69" LANG="dan"/>
							<SP ID="SP62" WIDTH="50" HPOS="1174" VPOS="2071"/>
							<String ID="STRING75" STYLEREFS="STYLE2" HEIGHT="74" WIDTH="80" HPOS="1224" VPOS="2091" CONTENT="og" WC="0.64" LANG="dan"/>
							<SP ID="SP63" WIDTH="27" HPOS="1304" VPOS="2091"/>
							<String ID="STRING76" STYLEREFS="STYLE2" HEIGHT="98" WIDTH="435" HPOS="1331" VPOS="2068" CONTENT="Redelighed," WC="0.78" LANG="dan"/>
							<SP ID="SP64" WIDTH="53" HPOS="1766" VPOS="2068"/>
							<String ID="STRING77" STYLEREFS="STYLE2" HEIGHT="76" WIDTH="91" HPOS="1819" VPOS="2075" CONTENT="da" WC="0.71" LANG="dan"/>
						</TextLine>
						<TextLine ID="LINE14" HEIGHT="114" WIDTH="1707" HPOS="205" VPOS="2202">
							<String ID="STRING78" STYLEREFS="STYLE2" HEIGHT="96" WIDTH="105" HPOS="205" VPOS="2220" CONTENT="gid" WC="0.72" LANG="dan"/>
							<SP ID="SP65" WIDTH="15" HPOS="310" VPOS="2220"/>
							<String ID="STRING79" STYLEREFS="STYLE2" HEIGHT="95" WIDTH="185" HPOS="325" VPOS="2219" CONTENT="ingen" WC="0.86" LANG="dan"/>
							<SP ID="SP66" WIDTH="13" HPOS="510" VPOS="2219"/>
							<String ID="STRING80" STYLEREFS="STYLE2" HEIGHT="98" WIDTH="253" HPOS="523" VPOS="2211" CONTENT="Danff" WC="0.56" LANG="dan"/>
							<SP ID="SP67" WIDTH="29" HPOS="776" VPOS="2211"/>
							<String ID="STRING81" STYLEREFS="STYLE2" HEIGHT="96" WIDTH="165" HPOS="805" VPOS="2212" CONTENT="have" WC="0.86" LANG="dan"/>
							<SP ID="SP68" WIDTH="19" HPOS="970" VPOS="2212"/>
							<String ID="STRING82" STYLEREFS="STYLE2" HEIGHT="94" WIDTH="249" HPOS="989" VPOS="2208" CONTENT="saadan" WC="0.89" LANG="dan"/>
							<SP ID="SP69" WIDTH="13" HPOS="1238" VPOS="2208"/>
							<String ID="STRING83" STYLEREFS="STYLE2" HEIGHT="99" WIDTH="411" HPOS="1251" VPOS="2204" CONTENT="Dristighed." WC="0.7" LANG="dan"/>
							<SP ID="SP70" WIDTH="71" HPOS="1662" VPOS="2204"/>
							<String ID="STRING84" STYLEREFS="STYLE2" HEIGHT="97" WIDTH="179" HPOS="1733" VPOS="2202" CONTENT="Han" WC="0.62" LANG="dan"/>
						</TextLine>
						<TextLine ID="LINE15" HEIGHT="111" WIDTH="1706" HPOS="207" VPOS="2338">
							<String ID="STRING85" STYLEREFS="STYLE2" HEIGHT="81" WIDTH="220" HPOS="207" VPOS="2359" CONTENT="dadler" WC="0.76" LANG="dan"/>
							<SP ID="SP71" WIDTH="24" HPOS="427" VPOS="2359"/>
							<String ID="STRING86" STYLEREFS="STYLE2" HEIGHT="61" WIDTH="150" HPOS="451" VPOS="2373" CONTENT="vore" WC="1" LANG="dan"/>
							<SP ID="SP72" WIDTH="27" HPOS="601" VPOS="2373"/>
							<String ID="STRING87" STYLEREFS="STYLE2" HEIGHT="100" WIDTH="173" HPOS="628" VPOS="2349" CONTENT="Feil," WC="0.85" LANG="deu"/>
							<SP ID="SP73" WIDTH="55" HPOS="801" VPOS="2349"/>
							<String ID="STRING88" STYLEREFS="STYLE2" HEIGHT="95" WIDTH="185" HPOS="856" VPOS="2347" CONTENT="laster" WC="0.82" LANG="dan"/>
							<SP ID="SP74" WIDTH="28" HPOS="1041" VPOS="2347"/>
							<String ID="STRING89" STYLEREFS="STYLE2" HEIGHT="60" WIDTH="152" HPOS="1069" VPOS="2363" CONTENT="vore" WC="0.93" LANG="dan"/>
							<SP ID="SP75" WIDTH="31" HPOS="1221" VPOS="2363"/>
							<String ID="STRING90" STYLEREFS="STYLE2" HEIGHT="99" WIDTH="481" HPOS="1252" VPOS="2343" CONTENT="Urigtigheder," WC="0.67" LANG="dan"/>
							<SP ID="SP76" WIDTH="53" HPOS="1733" VPOS="2343"/>
							<String ID="STRING91" STYLEREFS="STYLE2" HEIGHT="93" WIDTH="127" HPOS="1786" VPOS="2338" CONTENT="seer" WC="0.85" LANG="dan"/>
						</TextLine>
						<TextLine ID="LINE16" HEIGHT="111" WIDTH="1687" HPOS="198" VPOS="2480">
							<String ID="STRING92" STYLEREFS="STYLE2" HEIGHT="93" WIDTH="147" HPOS="198" VPOS="2498" CONTENT="alt," WC="0.85" LANG="dan"/>
							<SP ID="SP77" WIDTH="55" HPOS="345" VPOS="2498"/>
							<String ID="STRING93" STYLEREFS="STYLE2" HEIGHT="61" WIDTH="105" HPOS="400" VPOS="2511" CONTENT="tør" WC="0.65" LANG="dan"/>
							<SP ID="SP78" WIDTH="37" HPOS="505" VPOS="2511"/>
							<String ID="STRING94" STYLEREFS="STYLE2" HEIGHT="91" WIDTH="133" HPOS="542" VPOS="2495" CONTENT="alt," WC="0.8" LANG="dan"/>
							<SP ID="SP79" WIDTH="55" HPOS="675" VPOS="2495"/>
							<String ID="STRING95" STYLEREFS="STYLE2" HEIGHT="75" WIDTH="79" HPOS="730" VPOS="2507" CONTENT="og" WC="0.54" LANG="dan"/>
							<SP ID="SP80" WIDTH="49" HPOS="809" VPOS="2507"/>
							<String ID="STRING96" STYLEREFS="STYLE2" HEIGHT="89" WIDTH="153" HPOS="858" VPOS="2482" CONTENT="Tak" WC="0.78" LANG="dan"/>
							<SP ID="SP81" WIDTH="45" HPOS="1011" VPOS="2482"/>
							<String ID="STRING97" STYLEREFS="STYLE2" HEIGHT="61" WIDTH="167" HPOS="1056" VPOS="2500" CONTENT="være" WC="0.87" LANG="dan"/>
							<SP ID="SP82" WIDTH="45" HPOS="1223" VPOS="2500"/>
							<String ID="STRING98" STYLEREFS="STYLE2" HEIGHT="62" WIDTH="155" HPOS="1268" VPOS="2499" CONTENT="vore" WC="0.65" LANG="dan"/>
							<SP ID="SP83" WIDTH="37" HPOS="1423" VPOS="2499"/>
							<String ID="STRING99" STYLEREFS="STYLE2" HEIGHT="76" WIDTH="241" HPOS="1460" VPOS="2497" CONTENT="mange" WC="0.88" LANG="dan"/>
							<SP ID="SP84" WIDTH="45" HPOS="1701" VPOS="2497"/>
							<String ID="STRING100" STYLEREFS="STYLE2" HEIGHT="79" WIDTH="139" HPOS="1746" VPOS="2480" CONTENT="Uor" SUBS_TYPE="HypPart1" SUBS_CONTENT="Uordener," WC="0.77" LANG="dan"/>
							<HYP CONTENT="-"/>
						</TextLine>
						<TextLine ID="LINE17" HEIGHT="115" WIDTH="1710" HPOS="208" VPOS="2611">
							<String ID="STRING101" STYLEREFS="STYLE2" HEIGHT="85" WIDTH="244" HPOS="208" VPOS="2641" CONTENT="dener," SUBS_TYPE="HypPart2" SUBS_CONTENT="Uordener," WC="0.79" LANG="dan"/>
							<SP ID="SP85" WIDTH="73" HPOS="452" VPOS="2641"/>
							<String ID="STRING102" STYLEREFS="STYLE2" HEIGHT="94" WIDTH="131" HPOS="525" VPOS="2629" CONTENT="han" WC="0.88" LANG="dan"/>
							<SP ID="SP86" WIDTH="55" HPOS="656" VPOS="2629"/>
							<String ID="STRING103" STYLEREFS="STYLE2" HEIGHT="94" WIDTH="123" HPOS="711" VPOS="2625" CONTENT="har" WC="0.75" LANG="dan"/>
							<SP ID="SP87" WIDTH="62" HPOS="834" VPOS="2625"/>
							<String ID="STRING104" STYLEREFS="STYLE2" HEIGHT="97" WIDTH="126" HPOS="896" VPOS="2619" CONTENT="oste" WC="0.93" LANG="dan"/>
							<SP ID="SP88" WIDTH="39" HPOS="1022" VPOS="2619"/>
							<String ID="STRING105" STYLEREFS="STYLE2" HEIGHT="86" WIDTH="163" HPOS="1061" VPOS="2619" CONTENT="Ret." WC="0.79" LANG="dan"/>
							<SP ID="SP89" WIDTH="145" HPOS="1224" VPOS="2619"/>
							<String ID="STRING106" STYLEREFS="STYLE2" HEIGHT="81" WIDTH="179" HPOS="1369" VPOS="2616" CONTENT="Men" WC="0.78" LANG="dan"/>
							<SP ID="SP90" WIDTH="44" HPOS="1548" VPOS="2616"/>
							<String ID="STRING107" STYLEREFS="STYLE2" HEIGHT="92" WIDTH="182" HPOS="1592" VPOS="2618" CONTENT="nogle" WC="0.9" LANG="dan"/>
							<SP ID="SP91" WIDTH="62" HPOS="1774" VPOS="2618"/>
							<String ID="STRING108" STYLEREFS="STYLE2" HEIGHT="97" WIDTH="82" HPOS="1836" VPOS="2611" CONTENT="af" WC="0.95" LANG="dan"/>
						</TextLine>
						<TextLine ID="LINE18" HEIGHT="118" WIDTH="1681" HPOS="201" VPOS="2748">
							<String ID="STRING109" STYLEREFS="STYLE2" HEIGHT="95" WIDTH="173" HPOS="201" VPOS="2771" CONTENT="hans" WC="0.84" LANG="dan"/>
							<SP ID="SP92" WIDTH="29" HPOS="374" VPOS="2771"/>
							<String ID="STRING110" STYLEREFS="STYLE2" HEIGHT="97" WIDTH="403" HPOS="403" VPOS="2766" CONTENT="Lægemidler" WC="0.71" LANG="dan"/>
							<SP ID="SP93" WIDTH="41" HPOS="806" VPOS="2766"/>
							<String ID="STRING111" STYLEREFS="STYLE2" HEIGHT="61" WIDTH="99" HPOS="847" VPOS="2781" CONTENT="ere" WC="0.91" LANG="dan"/>
							<SP ID="SP94" WIDTH="49" HPOS="946" VPOS="2781"/>
							<String ID="STRING112" STYLEREFS="STYLE2" HEIGHT="99" WIDTH="463" HPOS="995" VPOS="2755" CONTENT="forfærdelige," WC="0.71" LANG="dan"/>
							<SP ID="SP95" WIDTH="55" HPOS="1458" VPOS="2755"/>
							<String ID="STRING113" STYLEREFS="STYLE2" HEIGHT="97" WIDTH="177" HPOS="1513" VPOS="2751" CONTENT="hans" WC="0.86" LANG="dan"/>
							<SP ID="SP96" WIDTH="33" HPOS="1690" VPOS="2751"/>
							<String ID="STRING114" STYLEREFS="STYLE2" HEIGHT="92" WIDTH="159" HPOS="1723" VPOS="2748" CONTENT="Tan" SUBS_TYPE="HypPart1" SUBS_CONTENT="Tanker" WC="0.78" LANG="dan"/>
							<HYP CONTENT="-"/>
						</TextLine>
						<TextLine ID="LINE19" HEIGHT="109" WIDTH="1701" HPOS="210" VPOS="2891">
							<String ID="STRING115" STYLEREFS="STYLE2" HEIGHT="77" WIDTH="101" HPOS="210" VPOS="2909" CONTENT="ker" SUBS_TYPE="HypPart2" SUBS_CONTENT="Tanker" WC="0.84" LANG="dan"/>
							<SP ID="SP97" WIDTH="40" HPOS="311" VPOS="2909"/>
							<String ID="STRING116" STYLEREFS="STYLE2" HEIGHT="91" WIDTH="408" HPOS="351" VPOS="2909" CONTENT="uoverlagte," WC="0.77" LANG="dan"/>
							<SP ID="SP98" WIDTH="55" HPOS="759" VPOS="2909"/>
							<String ID="STRING117" STYLEREFS="STYLE2" HEIGHT="98" WIDTH="185" HPOS="814" VPOS="2900" CONTENT="hvert" WC="0.77" LANG="dan"/>
							<SP ID="SP99" WIDTH="53" HPOS="999" VPOS="2900"/>
							<String ID="STRING118" STYLEREFS="STYLE2" HEIGHT="85" WIDTH="261" HPOS="1052" VPOS="2896" CONTENT="Skridt" WC="0.69" LANG="dan"/>
							<SP ID="SP100" WIDTH="52" HPOS="1313" VPOS="2896"/>
							<String ID="STRING119" STYLEREFS="STYLE2" HEIGHT="97" WIDTH="406" HPOS="1365" VPOS="2891" CONTENT="ubesindigt," WC="0.77" LANG="dan"/>
							<SP ID="SP101" WIDTH="56" HPOS="1771" VPOS="2891"/>
							<String ID="STRING120" STYLEREFS="STYLE2" HEIGHT="77" WIDTH="84" HPOS="1827" VPOS="2909" CONTENT="vg" WC="0.37" LANG="dan"/>
						</TextLine>
						<TextLine ID="LINE20" HEIGHT="115" WIDTH="1669" HPOS="212" VPOS="3027">
							<String ID="STRING121" STYLEREFS="STYLE2" HEIGHT="97" WIDTH="173" HPOS="212" VPOS="3045" CONTENT="hans" WC="0.84" LANG="dan"/>
							<SP ID="SP102" WIDTH="23" HPOS="385" VPOS="3045"/>
							<String ID="STRING122" STYLEREFS="STYLE2" HEIGHT="95" WIDTH="213" HPOS="408" VPOS="3043" CONTENT="Gang" WC="0.82" LANG="dan"/>
							<SP ID="SP103" WIDTH="23" HPOS="621" VPOS="3043"/>
							<String ID="STRING123" STYLEREFS="STYLE2" HEIGHT="79" WIDTH="241" HPOS="644" VPOS="3042" CONTENT="overalt" WC="0.82" LANG="dan"/>
							<SP ID="SP104" WIDTH="25" HPOS="885" VPOS="3042"/>
							<String ID="STRING124" STYLEREFS="STYLE2" HEIGHT="79" WIDTH="343" HPOS="910" VPOS="3040" CONTENT="tumlende." WC="0.87" LANG="dan"/>
							<SP ID="SP105" WIDTH="103" HPOS="1253" VPOS="3040"/>
							<String ID="STRING125" STYLEREFS="STYLE2" HEIGHT="81" WIDTH="181" HPOS="1356" VPOS="3032" CONTENT="Men" WC="0.89" LANG="dan"/>
							<SP ID="SP106" WIDTH="29" HPOS="1537" VPOS="3032"/>
							<String ID="STRING126" STYLEREFS="STYLE2" HEIGHT="99" WIDTH="101" HPOS="1566" VPOS="3028" CONTENT="jeg" WC="0.64" LANG="dan"/>
							<SP ID="SP107" WIDTH="29" HPOS="1667" VPOS="3028"/>
							<String ID="STRING127" STYLEREFS="STYLE2" HEIGHT="80" WIDTH="91" HPOS="1696" VPOS="3028" CONTENT="vil" WC="0.59" LANG="dan"/>
							<SP ID="SP108" WIDTH="19" HPOS="1787" VPOS="3028"/>
							<String ID="STRING128" STYLEREFS="STYLE2" HEIGHT="80" WIDTH="75" HPOS="1806" VPOS="3027" CONTENT="be" SUBS_TYPE="HypPart1" SUBS_CONTENT="begive" WC="0.85" LANG="dan"/>
							<HYP CONTENT="-"/>
						</TextLine>
						<TextLine ID="LINE21" HEIGHT="109" WIDTH="1704" HPOS="208" VPOS="3169">
							<String ID="STRING129" STYLEREFS="STYLE2" HEIGHT="96" WIDTH="140" HPOS="208" VPOS="3182" CONTENT="give" SUBS_TYPE="HypPart2" SUBS_CONTENT="begive" WC="0.83" LANG="dan"/>
							<SP ID="SP109" WIDTH="32" HPOS="348" VPOS="3182"/>
							<String ID="STRING130" STYLEREFS="STYLE2" HEIGHT="96" WIDTH="128" HPOS="380" VPOS="3182" CONTENT="mig" WC="0.85" LANG="dan"/>
							<SP ID="SP110" WIDTH="50" HPOS="508" VPOS="3182"/>
							<String ID="STRING131" STYLEREFS="STYLE2" HEIGHT="80" WIDTH="66" HPOS="558" VPOS="3181" CONTENT="til" WC="0.87" LANG="dan"/>
							<SP ID="SP111" WIDTH="47" HPOS="624" VPOS="3181"/>
							<String ID="STRING132" STYLEREFS="STYLE2" HEIGHT="97" WIDTH="321" HPOS="671" VPOS="3176" CONTENT="Skriftet." WC="0.73" LANG="dan"/>
							<SP ID="SP112" WIDTH="101" HPOS="992" VPOS="3176"/>
							<String ID="STRING133" STYLEREFS="STYLE2" HEIGHT="87" WIDTH="171" HPOS="1093" VPOS="3171" CONTENT="Der" WC="0.67" LANG="dan"/>
							<SP ID="SP113" WIDTH="45" HPOS="1264" VPOS="3171"/>
							<String ID="STRING134" STYLEREFS="STYLE2" HEIGHT="91" WIDTH="209" HPOS="1309" VPOS="3173" CONTENT="staaer" WC="0.73" LANG="dan"/>
							<SP ID="SP114" WIDTH="41" HPOS="1518" VPOS="3173"/>
							<String ID="STRING135" STYLEREFS="STYLE2" HEIGHT="78" WIDTH="87" HPOS="1559" VPOS="3174" CONTENT="da" WC="0.65" LANG="dan"/>
							<SP ID="SP115" WIDTH="38" HPOS="1646" VPOS="3174"/>
							<String ID="STRING136" STYLEREFS="STYLE2" HEIGHT="60" WIDTH="110" HPOS="1684" VPOS="3186" CONTENT="om" WC="0.92" LANG="dan"/>
							<SP ID="SP116" WIDTH="39" HPOS="1794" VPOS="3186"/>
							<String ID="STRING137" STYLEREFS="STYLE2" HEIGHT="82" WIDTH="79" HPOS="1833" VPOS="3169" CONTENT="de" WC="0.26" LANG="dan"/>
						</TextLine>
						<TextLine ID="LINE22" HEIGHT="112" WIDTH="1703" HPOS="211" VPOS="3304">
							<String ID="STRING138" STYLEREFS="STYLE2" HEIGHT="89" WIDTH="155" HPOS="211" VPOS="3327" CONTENT="dyre" WC="0.69" LANG="dan"/>
							<SP ID="SP117" WIDTH="29" HPOS="366" VPOS="3327"/>
							<String ID="STRING139" STYLEREFS="STYLE2" HEIGHT="87" WIDTH="205" HPOS="395" VPOS="3319" CONTENT="Tider" WC="0.61" LANG="dan"/>
							<SP ID="SP118" WIDTH="29" HPOS="600" VPOS="3319"/>
							<String ID="STRING140" STYLEREFS="STYLE2" HEIGHT="92" WIDTH="181" HPOS="629" VPOS="3323" CONTENT="nogle" WC="0.86" LANG="dan"/>
							<SP ID="SP119" WIDTH="37" HPOS="810" VPOS="3323"/>
							<String ID="STRING141" STYLEREFS="STYLE2" HEIGHT="98" WIDTH="219" HPOS="847" VPOS="3315" CONTENT="rigtige" WC="0.52" LANG="dan"/>
							<SP ID="SP120" WIDTH="31" HPOS="1066" VPOS="3315"/>
							<String ID="STRING142" STYLEREFS="STYLE2" HEIGHT="95" WIDTH="443" HPOS="1097" VPOS="3309" CONTENT="Sætninger," WC="0.73" LANG="dan"/>
							<SP ID="SP121" WIDTH="55" HPOS="1540" VPOS="3309"/>
							<String ID="STRING143" STYLEREFS="STYLE2" HEIGHT="62" WIDTH="149" HPOS="1595" VPOS="3325" CONTENT="men" WC="0.87" LANG="dan"/>
							<SP ID="SP122" WIDTH="33" HPOS="1744" VPOS="3325"/>
							<String ID="STRING144" STYLEREFS="STYLE2" HEIGHT="95" WIDTH="137" HPOS="1777" VPOS="3304" CONTENT="han" WC="0.73" LANG="dan"/>
						</TextLine>
						<TextLine ID="LINE23" HEIGHT="114" WIDTH="1703" HPOS="210" VPOS="3442">
							<String ID="STRING145" STYLEREFS="STYLE2" HEIGHT="91" WIDTH="295" HPOS="210" VPOS="3457" CONTENT="sortiener" WC="0.79" LANG="dan"/>
							<SP ID="SP123" WIDTH="57" HPOS="505" VPOS="3457"/>
							<String ID="STRING146" STYLEREFS="STYLE2" HEIGHT="97" WIDTH="185" HPOS="562" VPOS="3459" CONTENT="ingen" WC="0.81" LANG="dan"/>
							<SP ID="SP124" WIDTH="51" HPOS="747" VPOS="3459"/>
							<String ID="STRING147" STYLEREFS="STYLE2" HEIGHT="94" WIDTH="151" HPOS="798" VPOS="3452" CONTENT="Tak" WC="0.71" LANG="dan"/>
							<SP ID="SP125" WIDTH="47" HPOS="949" VPOS="3452"/>
							<String ID="STRING148" STYLEREFS="STYLE2" HEIGHT="96" WIDTH="103" HPOS="996" VPOS="3450" CONTENT="sor" WC="0.8" LANG="dan"/>
							<SP ID="SP126" WIDTH="41" HPOS="1099" VPOS="3450"/>
							<String ID="STRING149" STYLEREFS="STYLE2" HEIGHT="104" WIDTH="507" HPOS="1140" VPOS="3443" CONTENT="Opdagefferne." WC="0.67" LANG="dan"/>
							<SP ID="SP127" WIDTH="117" HPOS="1647" VPOS="3443"/>
							<String ID="STRING150" STYLEREFS="STYLE2" HEIGHT="85" WIDTH="149" HPOS="1764" VPOS="3442" CONTENT="Alle" WC="0.66" LANG="dan"/>
						</TextLine>
						<TextLine ID="LINE24" HEIGHT="108" WIDTH="831" HPOS="984" VPOS="3579">
							<String ID="STRING151" STYLEREFS="STYLE2" HEIGHT="86" WIDTH="69" HPOS="984" VPOS="3590" CONTENT="A" WC="0.31" LANG="dan"/>
							<SP ID="SP128" WIDTH="47" HPOS="1053" VPOS="3590"/>
							<String ID="STRING152" STYLEREFS="STYLE2" HEIGHT="74" WIDTH="55" HPOS="1100" VPOS="3613" CONTENT="4" WC="1" LANG="dan"/>
							<SP ID="SP129" WIDTH="491" HPOS="1155" VPOS="3613"/>
							<String ID="STRING153" STYLEREFS="STYLE2" HEIGHT="98" WIDTH="169" HPOS="1646" VPOS="3579" CONTENT="have" WC="0.57" LANG="dan"/>
						</TextLine>
					</TextBlock>
				</ComposedBlock>
			</PrintSpace>
		</Page>
	</Layout>
</alto>
